word,ipa
kija,[kija]
siena,/ˈsie̯nɑ/
Andora,[andoːɾa]
Daugavpils,[dàwɡàwpils]
ledus,[lædus]
dzīvnieks,[dzîunìɛks]
plats,[plats]
verbs,[vɛɾbs]
ē,[ɛː]
āpsis,[âːpsis]
varde,[vârde]
melns,[mǣlns]
pelēks,[pælæ̂ːks]
zaļš,[zaʎʃ]
zarna,[zâɾna]
siers,[sīɛ̄ɾs]
piens,[pīɛ̄ns]
burts,[būrts]
lidot,[liduôt]
medus,[mædus]
galva,[ɡɑ̂ɫva]
rinda,[ɾīnda]
lietus,[liɛ̂tus]
blusa,[blusa]
zoss,[zùos]
briedis,[bɾiɛ̂dis]
labrīt,[labˈɾîːt]
labvakar,[labˈvakaɾ]
govs,[ɡùows]
muša,[muʃa]
virsa,[vìrsa]
zirnis,[zīɾnis]
miers,[miɛ̂ɾs]
karš,[kāːrs]
sviests,[sviɛ̂sts]
Anglija,[āŋɡlija]
Latvija,[latvija]
armija,[aɾmija]
lūpa,[lūːpa]
jūs,[juːs]
mēs,[mɛ̄ːs]
anglis,[āŋɡlis]
bailes,[bâjlɛs]
brilles,[bɾīllɛs]
vabole,[vabùolɛ]
bads,[bats]
stings,[stīŋɡs]
krāsa,[krāːsa]
brunets,[bɾunːæts]
acenes,[atsːænːæs]
eļļa,[æʎːa]
lops,[lūōps]
moderns,[modæɾns]
kaķis,[ˈkacis]
dē,[dɛː]
gā,[ɡaː]
auss,[àws]
cūka,[tsuːːka]
vēdeklis,[vɛ̄ːdɛklis]
zābaks,[zàːbaks]
zobens,[zùobɛns]
ķirzaka,[cīrzaka]
sāls,[sàːls]
buča,[butʃa]
lācis,[lâːtsis]
kvieši,[kvìɛʃi]
melot,[mæɫuô̯t]
tabaka,[tabaka]
spalva,[spālva]
lasīt,[lasîːt]
vētra,[vǣːtɾa]
gulta,[ɡùlta]
zirgs,[zîɾks]
grāmata,[ɡɾāːmata]
gāze,[ɡāːze]
pīle,[pīːlɛ]
smaragds,[smaɾːakts]
erozija,[ɛɾoːzija]
ods,[uɔts]
anatomija,[anatōːmija]
josta,[juôsta]
interpunkcija,[inteɾpunktsija]
vārna,[vāːɾna]
liepa,[līɛ̄pa]
lietvārds,[lìɛtvàːɾds]
bārda,[bàːɾda]
cauna,[tsaûna]
jūra,[jūːɾa]
ezers,[æzæɾs]
brālis,[bɾāːlis]
ķēde,[cɛ̄ːdɛ]
pulkstenis,[pùlkstɛnis]
māte,[māːtɛ]
ēdiens,[êːdiens]
vējš,[vɛ̄ːjʃ]
cerēt,[tsɛɾɛ̂ːt]
apziņa,[apziɲa]
darbs,[dârps]
zupa,[zupa]
viesnīca,[vìesnīːtsa]
vilks,[vìlks]
ezis,[ɛzis]
zvaigzne,[zvàjɡznɛ]
spainis,[spāīnis]
paduse,[padusɛ]
čība,[tʃīːba]
piere,[pìɛɾɛ]
ūdens,[ûːdɛns]
pludmale,[pludmalɛ]
latvis,[latvis]
ābele,[âːbɛle]
vīrs,[vìrs]
sniegs,[snìɛks]
zvirbulis,[zvīɾbulis]
zelts,[zæ̀lts]
vēstule,[væ̀ːstulɛ]
vēzis,[vɛ̂ːzis]
pūķis,[pūːcis]
miegs,[mìɛks]
ēst,[ɛ̂ːst]
nāve,[nâːvɛ]
būt,[bûːt]
ziema,[zìɛma]
lauva,[lāwva]
vilna,[vīlna]
vēsture,[væ̀ːstuɾɛ]
Ēģipte,[æːɟipte]
angļu,[aŋɡʎu]
auns,[àwns]
dievs,[dìɛws]
vakars,[vakaɾs]
zilonis,[ziluònis]
spriest,[spɾiɛ̂st]
uguns,[uɡuns]
bīstams,[biːstams]
bārenis,[bàːɾɛnis]
ozols,[uôzuols]
dobs,[duôbs]
asinis,[asinis]
čūska,[tʃūska]
joks,[juōks]
vāvere,[vaːvɛɾɛ]
baigs,[baîɡs]
āda,[âːda]
Albānija,[albāːnija]
vasks,[vasks]
žurka,[ʒùrka]
nedēļa,[nɛdɛ̄ːʎa]
Ā,[aː]
Ē,[ɛː]
valoda,[valuôda]
airis,[āīɾis]
inspirators,[inspiɾatoːɾs]
akts,[akts]
manuskripts,[manuskɾipts]
dancis,[dāntsis]
abstrakts,[abstɾakts]
lapsa,[lapsa]
viņš,[viɲʃ]
salds,[sâlts]
šakālis,[ʃakaːlis]
Ķ,[c]
Rīga,[ɾīːɡa]
ciet,[tsiɛ̂t]
revolveris,[ɾævɔːlvæɾːis]
alnis,[âlnis]
Daugava,[dàwɡava]
aust,[àwst]
jonosfēra,[jɔnːɔsfæːɾa]
mobils,[mobils]
samurajs,[samːuɾːajs]
vads,[vats]
logaritms,[loɡaɾitms]
antropologs,[āntɾopoloɡs]
klons,[klūōns]
Ū,[uː]
Ī,[iː]
loks,[lùɔ̯ks]
trīs,[triːs]
pieci,[piɛ̯tsi]
deviņi,[dɛviɲi]
cukurs,[tsukuɾs]
astoņi,[ɑstuo̯ɲi]
tulkot,[tūlkuôt]
kails,[kaîls]
gribēt,[ɡɾibɛ̂ːt]
pornogrāfisks,[pɔɾnɔɡɾaːfisks]
pirkt,[pìɾkt]
darīt,[darîːt]
dārzs,[dàːɾs]
mirt,[mīɾt]
glābt,[ɡlâːpt]
trūkt,[tɾūːkt]
dalīt,[dalîːt]
turēt,[tuɾɛ̂ːt]
gatavot,[ɡatavuôt]
insekts,[insɛkts]
sargāt,[sârɡāːt]
dzirdēt,[dzìɾdɛ̂ːt]
sacīt,[satsîːt]
prast,[pɾast]
dziedāt,[dziɛ̂dâːt]
dabūt,[dabûːt]
studēt,[studɛ̂ːt]
diskutēt,[diskutæːt]
lāpstiņa,[lâːpstiɲa]
antimons,[āntimōːns]
argons,[arɡɔːns]
jakts,[jakts]
jods,[joːts]
skumt,[skùmt]
lapsene,[ɫɑpsɛnɛ]
alumīnijs,[alumiːnijs]
teika,[tēīka]
selga,[sǣlɡa]
zināt,[zinâːt]
apmainīt,[apmāīnîːt]
Horvātija,[xɔrvaːtija]
valsts,[vàlsts]
valūta,[valùːta]
slēpt,[slɛ̀ːpt]
palīdzēt,[palīːdzɛ̂ːt]
sūkt,[sùːkt]
dusēt,[dusɛ̂ːt]
akls,[akls]
šķērst,[ʃcɛ̀ːɾst]
Liepāja,[lìepāja]
Jūrmala,[jūːɾmala]
Rēzekne,[ɾɛ̄ːzɛknɛ]
Ventspils,[væ̀ntspils]
maisiņš,[màjsiɲʃ]
skaists,[skāīsts]
atvere,[atvɛɾɛ]
aiz,[àjs]
daile,[dāīlɛ]
ananass,[ananas]
maksts,[maksts]
iekļūt,[ìɛkʎûːt]
dejot,[dɛjuôt]
Valmiera,[vàlmīɛ̄ɾa]
stulms,[stûlms]
ārsts,[āːrsts]
cilvēks,[tsìlvæ̀ːks]
tēvs,[tǣːws]
dēls,[dæ̂ːls]
kalns,[kâlns]
bērns,[bæ̀ːɾns]
krūms,[kɾūːms]
vārds,[vàːɾds]
svārki,[svāːɾki]
maiss,[màjs]
ubags,[ubaks]
kāposti,[kàːpuôsti]
cimds,[tsìmts]
sekss,[sɛks]
krēsls,[krǣːsls]
krēsla,[krǣːsla]
ārs,[âːɾs]
nominatīvs,[nɔminːatiːvs]
vienskaitlis,[viɛnskaitlis]
daudzskaitlis,[daudzskaitlis]
tirgus,[tìɾɡus]
aprikoze,[apɾikoːzɛ]
sīpols,[sīːpuols]
veikals,[vēīkals]
stāds,[stàːts]
pipars,[pipaɾs]
bārene,[bàːɾɛnɛ]
cirslis,[tsìɾslis]
kāja,[kāːja]
iela,[ìɛla]
miesa,[mìɛsa]
vērsis,[vɛ̀ːrsis]
balss,[bàls]
dzelzs,[dzɛ̀ls]
-isks,[isks]
īpašība,[īːpaʃìːba]
auglis,[âwɡlis]
augs,[âwks]
meitene,[mɛ̂jtɛnɛ]
zēns,[zǣːns]
prievārds,[pɾievàːɾds]
saiklis,[sājklis]
apstāklis,[apstàːklis]
kuģis,[kuɟis]
ģimene,[ɟimɛnɛ]
zaķis,[zacis]
gurķis,[ɡûɾcis]
ķiploks,[cipluōks]
ķirbis,[cīrbis]
kartupelis,[kārtupelis]
liels,[līɛ̄ls]
āzis,[âːzis]
jērs,[jǣːɾs]
ķēve,[cɛ̄ːvɛ]
lāpsta,[lâːpsta]
tāss,[tāːss]
bērzs,[bǣːrs]
ķermenis,[cɛ̄ɾmɛnis]
lēca,[lǣːtsa]
zīlīte,[zīːlìːtɛ]
varavīksne,[vaɾavîːksnɛ]
dobjš,[duôbʲʃ]
vāks,[vâːks]
dzīsla,[dzîːsla]
akvedukts,[akvɛdukts]
cūkgaļa,[tsūːk.ɡaʎa]
svece,[svɛtsɛ]
runcis,[ɾūntsis]
kaķene,[kacɛnɛ]
kaķe,[kacɛ]
māja,[maːja]
lācene,[lâːtsɛnɛ]
vāverēns,[vāːvɛɾɛ̄ːns]
miets,[mìɛts]
ēzelis,[ɛ̄ːzɛlis]
spēle,[spæːlæ]
aizmirst,[àjzmìɾst]
Ļ,/ɬ/
Ņ,/ɛn/
ņ,/ɛn/
auksts,[āūksts]
gredzens,[ɡɾædzæns]
cālis,[tsāːlis]
čiekurs,[tʃiēkurs]
karogs,[kaɾuōks]
īlens,[īːlæns]
āmurs,[āːmuɾs]
ierocis,[ìɛɾuôtsis]
berilijs,[berilijs]
drakons,[dɾakoːns]
menca,[mǣntsa]
labība,[labìːba]
ēna,[ǣːna]
cilts,[tsîlts]
sērs,[sǣːrs]
sils,[sils]
pļava,[pʎava]
arsēns,[arseːns]
ķerra,[cærːa]
bruņas,[bruɲɑs]
vilciens,[vìlciens]
jaguārs,[jaɡːuaːrs]
karote,[karuôte]
ķīsis,[cīːsis]
Zeme,[zɛmɛ]
josla,[juôsla]
bismuts,[bismuts]
spilvens,[spìlvæns]
spilve,[spìlve]
drāna,[drāːna]
strauts,[strāūts]
klēts,[klɛ̄ːts]
kāsis,[kàːsis]
ķemme,[cɛ̄mmɛ]
āķis,[ɑ̄ːcis]
pilns,[pīlns]
aktīnijs,[aktīːnijs]
augsts,[aûksts]
mēsli,[mæ̂ːsli]
amerīcijs,[amerìːtsijs]
berklijs,[berklijs]
borijs,[bɔːrijs]
viesis,[vìesis]
stirna,[stīɾna]
spogulis,[spūōɡulis]
taurs,[tàurs]
burtnīca,[būrtnìtsa]
bē,/ᵐbɪ/
cē,[tsɛː]
čē,[tsɛː]
ģē,[ɟɛː]
jē,[jɛː]
ķē,[cɛː]
eļ,[ɛʎ]
eņ,/ˈɛn/
pē,/pɪ/
tē,[tɛː]
vē,[vɛː]
zē,[zɛː]
žē,[zɛː]
plašs,[plaʃ]
šaurs,[ʃàuɾs]
sarkans,[sâɾkans]
zīmulis,[zìːmulis]
rupjš,[rupʲʃ]
zeķe,[zece]
virs,[vìrs]
virsus,[vìrsus]
ņiprs,[ɲipɾs]
vēsturniece,[væ̀ːstuɾniɛtsɛ]
vēsturnieks,[væ̀ːstuɾniɛks]
bīstami,[biːstamːi]
bēda,[bæ̀ːda]
bīstamais,[biːstamːais]
bīstamāks,[biːstamaːks]
bīstamākais,[biːstamaːkais]
visbīstamākais,[visbiːstamaːkais]
visbīstamāk,[visbiːstamaːk]
septiņi,[sɛptiɲi]
ilgs,[īɫks]
erotisks,[ɛɾɔːtisks]
ašs,[aʃ]
ātrs,[āːtɾs]
straujš,[stɾàujʃ]
priecīgs,[pɾiɛ̂ksîːɡs]
laimīgs,[lāīmîːɡs]
caurs,[tsāūɾs]
caur,[tsāūɾ]
baltums,[bāltums]
laipns,[lāīpns]
lielīgs,[līɛ̄lîːks]
sārts,[sāːɾts]
spārns,[spàːɾns]
pāksts,[pâːksts]
vilnis,[vîlnis]
krāsns,[kɾâːsns]
plīts,[plīːts]
īss,[îːs]
sarkanīgs,[saɾkaniːɡs]
vēdzele,[vɛ̂ːdzɛlɛ]
brūngans,[brūːŋɡans]
īgns,[îɡns]
antropoloģija,[āntɾopoloɟija]
antropoloģe,[āntɾopoloɟɛ]
zinātne,[zinâːtnɛ]
ziņote,[ziɲuôtɛ]
ētika,[eːtikːa]
krievs,[kɾìews]
ūsa,[ūːsa]
drēgns,[drǣːɡns]
astronomisks,[astɾonoːmisks]
ētisks,[eːtisks]
anatomisks,[anatōːmisks]
anatoms,[anatōːms]
anatome,[anatōːmɛ]
sirms,[sīɾms]
bebrs,[bæbɾs]
līdzskanis,[līːdskanis]
stārķis,[stāːɾɟis]
akustiķis,[akːusticis]
akustiķe,[akustice]
akustisks,[akustisks]
ētiski,[eːtiski]
ētiskais,[eːtiskais]
šķīvis,[ʃcīːvis]
čakls,[tʃakls]
vēss,[vǣːs]
ļauns,[ʎāūns]
kreiss,[kɾèjs]
kreilis,[kɾēīlis]
kreile,[kɾɛ̄īlɛ]
kūts,[kūːts]
kluss,[klus]
sliņķis,[slīɲcis]
blīvs,[blīːws]
stiprs,[stipɾs]
spēks,[spæ̀ːks]
kareivis,[kaɾɛ̄īvis]
zaldāts,[zāldāːts]
dārgs,[dàːɾɡs]
sīks,[sîːks]
kuņģis,[kūɲɟis]
pilsonis,[pìlsuonis]
brīvs,[brīːws]
drošs,[dɾùoʃ]
biezs,[bìɛʃː]
biežs,[bìɛʃː]
ciešs,[tsiɛ̂ʃ]
šķidrs,[ʃcidɾs]
šausmas,[ʃāūsmas]
ciets,[tsiɛ̂ts]
veids,[vɛ̄īts]
ļaudis,[ʎàwdis]
slaiks,[slaîks]
slaids,[slaîts]
plāns,[plāːns]
paklājs,[paklâːjs]
ētiskāks,[eːtiskaːks]
lielpilsēta,[līɛ̄lpilsǣːta]
visētiskāk,[viseːtiskaːk]
raupjš,[ràwpʲʃ]
daiļš,[dāīʎʃ]
vīle,[vīːlɛ]
glīts,[ɡlîːts]
neglīts,[nɛɡlîːts]
neglītums,[nɛɡlîːtums]
Lauva,[lāwva]
Vēzis,[vɛ̂ːzis]
Dvīņi,[dvìːnis]
dvīne,[dvìːnɛ]
Vērsis,[vɛ̀ːrsis]
Auns,[àwns]
stirnāzis,[stiɾnâːzis]
Mežāzis,[mɛʒâːzis]
mežāzis,[mɛʒâːzis]
pulkstens,[pùlkstæns]
āre,[âːɾɛ]
jautrs,[jàwtɾs]
prieks,[pɾiɛ̂ks]
lēts,[lǣːts]
laime,[lāīmɛ]
rātns,[ɾāːtns]
nerātns,[næɾāːtns]
elkonis,[æ̀lkùonis]
bulta,[būlta]
lokans,[lùokans]
acīgais,[atsiːɡais]
acīgāks,[atsiːɡaːks]
acīgākais,[atsiːɡaːkais]
visacīgākais,[atsiːɡaːkais]
dīvains,[dīːvajns]
krāce,[kɾāːtsɛ]
rauda,[ɾāūda]
dzīvs,[dzîːws]
tulks,[tūlks]
raudāt,[ɾaûdât]
debils,[debils]
muļķis,[mûʎcis]
dzīvot,[dzîːvʷôt]
braukt,[bɾàwkt]
nākt,[nāːkt]
rīt,[rīːt]
dzīt,[dzīːt]
šūt,[ʃūːt]
griezt,[ɡrīɛ̄st]
stumt,[stùmt]
klupt,[klupt]
sākt,[sâːkt]
augt,[âwkt]
atvērt,[atvɛ̄ːɾt]
īgt,[îːkt]
piemirst,[pìɛmìɾst]
pļāpāt,[pʎāːpât]
patulkot,[patūlkuôt]
iztulkot,[istūlkuôt]
pārtulkot,[pāːɾtūlkuôt]
esmu,[ˈæsmu]
rīks,[ɾìks]
esamība,[æsamīːba]
stāvoklis,[stāːvuoklis]
atrast,[atɾast]
stulbs,[stùlps]
dzelt,[dzɛ̂lt]
ērkšķis,[ɛ̄ːɾkʃt͡ʃis]
ērce,[ɛ̄ːɾtsɛ]
zīst,[zîst]
dundurs,[dūnduɾs]
apmainīšana,[apmāīnîːʃana]
saart,[saâɾt]
noart,[nuoâɾt]
uzart,[saâɾt]
atart,[atâɾt]
izart,[izâɾt]
glāze,[ɡlāːzɛ]
aparšana,[apaɾʃana]
vālodze,[vāːluôdzɛ]
kurls,[kûɾls]
kurlums,[kûɾlums]
oža,[uôʒa]
garša,[ɡâɾʃa]
gaume,[ɡāūme]
nebēda,[næbæ̀ːda]
gādāt,[ɡāːdâːt]
raize,[raîzɛ]
aušana,[âwʃːana]
anglisks,[āŋɡlisks]
apavs,[apaws]
apavnieks,[apawnìɛks]
apavniece,[apawnìɛtsɛ]
kurpe,[kūɾpɛ]
pastala,[pastala]
igaunis,[iɡāwnis]
vāci,[vāːtsi]
valis,[valis]
dzimte,[dzìmtɛ]
vīrietis,[vīːɾietis]
pagātne,[paɡāːtnɛ]
nākotne,[nāːkuôtnɛ]
vienot,[viɛ̯̂nuô̯t]
ķēniņš,[cɛ̄ːniɲʃ]
teikt,[tɛ̀ikt]
izteikt,[istɛ̀ikt]
pavēle,[pavɛ̄ːlɛ]
pavēlēt,[pavɛ̄ːlɛ̂ːt]
amerikānisks,[amɛɾikāːnisks]
amerikānis,[amɛɾikāːnis]
amerikāniete,[amɛɾikāːniɛtɛ]
amerikānisms,[amɛɾikāːnisms]
paslēpt,[paslɛ̀ːpt]
Brazīlija,[bɾazīːlija]
odze,[uôdzɛ]
albānis,[albāːnis]
albāniete,[albāːniɛtɛ]
atstāstīt,[atstâːstîːt]
stāstīt,[stâːstîːt]
bagāts,[baɡāːts]
jauks,[jâwks]
sermulis,[sæ̂ɾmulis]
baltkrievs,[baltkɾìews]
andoriete,[andoɾiɛtɛ]
tēvocis,[ˈtǣːvuôt͡sis]
turpmāks,[tūɾpmâːk]
turpināt,[tùɾpinâːt]
aizgalds,[àjzɡâlts]
pāvests,[pāːvɛsts]
īsts,[īːsts]
arī,[aɾîː]
eiro,[ɛìɾo]
zaudēt,[zàwdɛ̂ːt]
drīkstēt,[dɾìːkstɛ̂ːt]
strādāt,[stɾàːdâːt]
ļoti,[ʎùoti]
dzimtene,[dzîmtene]
dzimt,[dzìmt]
bārdains,[bàːɾdājns]
dzimta,[dzìmta]
dzimšana,[dzîmʃana]
afrikānisks,[afrikāːnisks]
afrikānis,[afɾikāːnis]
afrikānietis,[afrikāːniɛtis]
afrikāniete,[afɾikaːniɛtːæ]
starp,[staɾp]
apvidus,[apvidus]
skābs,[skâːbs]
skābt,[skâːpt]
grezns,[ɡɾæzns]
maksāt,[maksâːt]
Cēsis,[tsēːsis]
cēsnieks,[tsēːsniɛks]
slepkava,[slæpkava]
apdārzs,[apdàːɾs]
znots,[znuōts]
ubagot,[ubaɡuôt]
jokot,[juōkuôt]
jautāt,[jāūtât]
līdzēt,[ɫīːdzɛ̂ːt]
aknas,[aknas]
iekša,[ìɛkʃa]
ērts,[æ̀ːɾts]
skūpstīt,[skûːpstīːt]
skūpsts,[skûːpsts]
nāvēt,[nâːvɛ̂ːt]
mazgāt,[mazɡâːt]
slapjš,[slapʲʃ]
mitrs,[mitɾs]
mikls,[mikls]
valgs,[vālks]
tuksnesis,[tuksnɛsis]
raža,[ɾaʒa]
pērn,[pǣːɾn]
pērns,[pǣːɾns]
ālants,[āːlants]
klepus,[klæpus]
velns,[vǣlns]
dieve,[dìɛvɛ]
arvien,[aɾˈvîɛn]
joprojām,[jùoˈpɾuôjāːm]
vēl,[vɛ̂l]
biedrs,[bìɛdrs]
biedre,[bìɛdɾɛ]
knābis,[knàːbis]
tīrs,[tīːɾs]
īstens,[īːstɛns]
īstums,[īːstums]
netīrs,[nɛtīːɾs]
grūts,[ɡɾūːts]
grūtums,[ɡɾūːtums]
traks,[tɾaks]
zaglis,[zaɡlis]
žoklis,[ʒuôklis]
zāģēt,[zāːɟɛ̂ːt]
zāģis,[zāːɟis]
tētis,[tɛ̄ːtis]
skuķe,[skucɛ]
skuķis,[skucis]
puisis,[pūīsis]
zeņķis,[zɛ̄ɲcis]
svainis,[svâjnis]
svaine,[svâjnɛ]
trakums,[tɾakums]
salns,[sâlns]
skaidrs,[skāīdrs]
īpašs,[īːpaʃ]
maurs,[māūrs]
grīva,[ɡɾīːva]
upuris,[upuɾis]
ronis,[ɾūōnis]
šķīsts,[ʃcîːsts]
blāvs,[blāːws]
skaidrot,[skāīdruôt]
aklums,[aklums]
vaisla,[vàjsla]
producēt,[pɾodutsɛ̂ːt]
aizdusa,[àjzdusa]
dziesma,[dziɛ̂sma]
kauns,[kàwns]
lakstīgala,[lakstīːɡala]
smags,[smaks]
spalgs,[spâlks]
spuldze,[spûldzɛ]
spulgs,[spûlks]
spilgts,[spīlkts]
slaucīt,[slāwtsîːt]
slaukt,[slàwkt]
seglot,[sæɡluôt]
sedulka,[sædulka]
zvejot,[zvejuôt]
smaids,[smāīts]
smiekls,[smiɛ̂kls]
smaidīt,[smāīdîːt]
adīt,[adîːt]
ģints,[ɟìnts]
dzīšana,[dzīʃana]
ziemot,[zìɛmuôt]
fantastika,[fantastika]
pamats,[pamats]
degt,[dekt]
meklēt,[mɛklɛ̂ːt]
šķēres,[ʃcɛ̄ːɾɛs]
grieznes,[ɡɾiɛ̂znɛs]
šeit,[ʃɛît]
kāpēc,[ˈkâːpêːts]
ticēt,[titsɛ̂ːt]
agrums,[aɡɾums]
agrs,[aɡɾs]
traucēt,[tràwtsɛ̂ːt]
mape,[mapɛ]
bāris,[bàːɾis]
bāre,[bàːɾɛ]
bārabērns,[bàːɾabæ̀ːɾns]
stāvēt,[stāːvɛ̂ːt]
atbildēt,[atbîldɛː̂t]
viegls,[vìɛɡls]
varēt,[vaɾɛ̂ːt]
stāsts,[stâːsts]
gaist,[ɡàjst]
tāfele,[tāːfɛlɛ]
griešana,[ɡrīēʃːana]
pēc,[pɛː̂ts]
zems,[zæms]
pātaga,[pàːtaɡa]
atvasara,[atvasaɾa]
gatavs,[ɡataws]
aizstāvēt,[ajstāːvɛ̂ːt]
bikses,[biksɛs]
ņemt,[ɲɛ̂mt]
gaišs,[ɡàjʃ]
tumšs,[tùmʃ]
palodze,[palūōdzɛ]
spodrs,[spuôdɾs]
pēkšņs,[pɛ̀ːkʃɲs]
skaļš,[skaʎʃ]
skaļrunis,[skaʎɾunis]
rīts,[ɾîːts]
labrīts,[labɾîːts]
skatīt,[skatîːt]
skaitīt,[skàjtîːt]
mirstīgs,[mīɾstiːks]
mirstīgums,[mīɾstiːɡums]
mirstība,[mīɾstiːba]
līķis,[līːcis]
citronkoks,[tsitɾonkùoks]
parīt,[paɾîːt]
parītdiena,[paɾîːddìɛna]
parīts,[paɾîːts]
aizparīt,[àjzpaɾîːt]
rītdiena,[ɾîːddìɛna]
aizvakar,[àjzvakar]
aizvakardiena,[àjzvakaɾdìɛna]
vakardiena,[vakaɾdìɛna]
vakariņas,[vakaɾiɲas]
pusdienas,[pusdìɛna]
pēcpusdiena,[pɛː̂tspusdìɛna]
diennakts,[dìɛnnakts]
intīms,[īːntīːms]
bāls,[bāːls]
bālums,[bāːlums]
pusnakts,[pusnakts]
knašs,[knaʃ]
nasks,[nasks]
izcils,[istsils]
nespodrs,[nɛspuôdɾs]
stingrs,[stīŋɡɾs]
vesels,[væsæls]
prāvs,[pràws]
vingrs,[vīŋɡɾs]
veikls,[vēīkls]
žigls,[ʒiɡls]
modrs,[muôdɾs]
možs,[muôʃ]
mundrs,[mūndɾs]
vingrot,[vīŋɡɾuôt]
žirgts,[ʒīɾkts]
spirgts,[spīɾkts]
dzērve,[dzɛ̄ːɾvɛ]
vēsma,[vǣːsma]
dzestrs,[dzæstɾs]
dzestrums,[dzæstɾums]
krēslot,[kɾǣːsluôt]
krēslains,[krǣːslains]
piedurkne,[pìɛdūɾknɛ]
tuvs,[tuws]
kļūt,[kʎûːt]
vedekla,[vædækla]
tāls,[tâːls]
kukainis,[kukâjnis]
zvērs,[zvæ̂ːɾs]
kustonis,[kustuônis]
stīvs,[stīːws]
kustēt,[kustɛ̂ːt]
čoms,[tʃoms]
punšs,[punʃ]
komandantstunda,[ˈkɔmandantstunda]
taču,[tatʃu]
milzis,[mîlzis]
ablatīvs,[ablatiːvs]
rakstīt,[ɾakstîːt]
administratore,[administratoːɾɛ]
daudzi,[dāūdzi]
astere,[astɛɾɛ]
bļoda,[bʎūōda]
simbols,[simbɔls]
sportisks,[spoɾtisks]
sportiskums,[spoɾtiskums]
kopā,[ˈkuō.paː]
šķirklis,[ʃcīɾklis]
prasīt,[prasîːt]
pierobeža,[pìɛɾuòbɛʒa]
mezgls,[mæzɡls]
mezglot,[mæzɡluôːt]
ziepes,[ziɛ̃pɛs]
klints,[klīnts]
akcents,[aktsɛnts]
atslēga,[atslæ̂ːɡa]
vienpadsmit,[vi͡ɛnpatsmit]
pelnīt,[pɛ̀lnîːt]
abinieks,[abiniɛks]
ājurvēda,[aːjuɾvæːda]
aplikācija,[aplikaːt͡sija]
pareizs,[paɾɛ̄īs]
zelt,[zêlt]
aukla,[àwkla]
spļaut,[spʎāwt]
handbols,[xandbɔls]
purvs,[pùɾvs]
vēls,[væ̂ls]
teniss,[ˈtenːis]
censties,[tsɛ̀nstiɛ̂s]
augsne,[âwksnɛ]
atmiņa,[atmiɲa]
adenīns,[adɛniːns]
iedvesma,[ìɛdvɛsma]
ejakulējoši,[ʔɛi̯əkʊɫɛːjɔʃɪ]
mūks,[mūːks]
mūķene,[mūːcɛnɛ]
locījums,[lùotsîːjums]
folklora,[folkloːɾa]
atbilde,[atbildɛ]
žogs,[ʒùoɡs]
cepums,[t͡sæpːums]
pļaujmašīna,[pʎāwmaʃīːna]
pļaut,[pʎāwt]
dažreiz,[daʒɾɛīz]
vēlreiz,[vɛ̂lreīz]
dzīvoklis,[dzīːvuoklis]
speķis,[spɛcis]
sirpis,[sìɾpis]
izkapts,[iskapts]
vārīt,[vàːɾîːt]
ceptuve,[tsæptuvɛ]
maiznīca,[màiznìːtsa]
cepiens,[tsɛpiens]
cepetis,[tsɛpɛtis]
cepeškrāsns,[tsɛpɛʃkɾâːsns]
cepešpanna,[t͡sɛpːɛʃpanːa]
ceplis,[tsɛplis]
abatija,[abːatijːa]
klosteris,[kluostɛɾis]
priesteris,[pɾīɛ̄stɛɾis]
priesterība,[pɾīɛ̄stɛɾìːba]
priesteriene,[pɾīɛ̄stɛɾiɛnɛ]
sauļot,[sāūʎuôt]
jēls,[jæ̂ːls]
apcept,[aptsɛpt]
izcept,[istsɛpt]
pacept,[patsɛpt]
pārcept,[paːɾtsɛpt]
piecept,[piɛtsɛpt]
uzcept,[ustsɛpt]
amfībija,[amfīːbija]
direktore,[diɾɛktoːɾɛ]
akcentuācija,[aktsɛntuaːtsijːa]
intonācija,[intonāːtsija]
uzsvars,[usvaɾs]
komats,[komats]
modernums,[modæɾnums]
dāsns,[dāːsns]
smuks,[smuks]
šmaukt,[ʃmàwkt]
kļūda,[kʎûːda]
smukums,[smukums]
aploksne,[aplùoksne]
pastmarka,[pastmaɾka]
apspriest,[apspɾiɛ̂st]
apspriede,[apspɾiɛ̂dɛ]
parast,[paɾast]
uzdevums,[uzdɛvums]
brauciens,[bràwtsiɛns]
kārts,[kāːɾts]
augsme,[âwksme]
aicināt,[aîtsinâːt]
aicināšana,[aitsːinaːʃanːa]
spriedums,[spɾiɛ̂dums]
paradokss,[paɾadoks]
aizspriedums,[àjspɾiɛ̂dums]
gadsimts,[ɡatsìmts]
pergaments,[pɛɾɡamɛnts]
pergamentpapīrs,[pɛɾɡamɛntpapiːɾ]
raksturs,[ɾakstuɾs]
brasls,[bɾasls]
staigns,[stàjɡns]
gnīda,[ɡnīːda]
mukls,[mukls]
jēga,[jǣɡa]
abstraktums,[abstɾaktums]
jēgt,[jɛ̄kt]
abstrahēt,[abstɾaheːt]
abstrakcija,[abstɾaktsijːa]
bikls,[bikls]
fakts,[fakts]
abažūrs,[abːaʒuːɾs]
skumjas,[skùmjas]
skumjš,[skùmʲʃ]
skumjums,[skùmjums]
baidīt,[bāīdîːt]
bīties,[bîːtiɛ̂s]
kāss,[kāːs]
šķērslis,[ʃcɛ̀ːɾslis]
šķērss,[ʃcɛ̀ːɾs]
šķērsot,[ʃcɛ̀ːɾsuôt]
šķēps,[ʃcæ̀ps]
kaplēt,[kaplɛ̂ːt]
naudasmaks,[nâwdasmaks]
tabakmaks,[tabakmaks]
abstrahēšana,[abstɾahæːʃanːa]
turpinājums,[tùɾpinâːjums]
kūka,[kuːka]
binoklis,[bìnoklis]
acumirklis,[atsːumiɾklis]
kārs,[kāːrs]
ģerbonis,[ɟæ̀rbùonis]
admirālis,[admiɾaːlis]
katedrāli,[katːædɾaːli]
akrotērijs,[akɾotæːɾijs]
klaips,[klàjps]
ķauķis,[caucis]
cēls,[tseːls]
topiņš,[tɔpːiɲs]
hasīdisms,[ˈxasiːdisms]
aizvietot,[aizviɛtɔt]
stabilizēt,[stabːilːizæːt]
ratiņkrēsls,[ɾatːiɲkɾæːsls]
uzticēt,[uztitsɛ̂ːt]
burātājs,[buɾaːtaːjs]
gotu,[ɡotu]
operācija,[ɔpːeraːtsijːa]
intuīcija,[intuīcija]
adrenalīns,[adɾænːaliːns]
akvārijs,[akvaːɾijs]
delegācija,[dælːæɡaːtsijːa]
masturbēt,[mastuɾbæːt]
pievilt,[piɛvːilt]
brālēns,[brāːlæns]
siltumnīca,[siltumniːtsa]
absolūtists,[ˈabsɔluːtists]
absolūtiste,[ˈabsɔluːtistɛ]
adaptācija,[adːaptaːtsijːa]
aculiecinieks,[atsːulːiɛtsinːiɛks]
leduskalns,[lædːuskalns]
aisbergs,[aisbæɾɡs]
kājbumba,[kāːjbūmba]
spēlēt,[spæːlæːt]
burāt,[buɾaːt]
Jēkabpils,[ˈjeːkapːils]
tehnoloģisks,[tæhnɔlɔːɟisks]
kapitālists,[kapːitaːlists]
komunists,[kɔːmunːists]
kaitināt,[kāītinâːt]
handbolists,[ˈxandbɔlːists]
tenisists,[ˈtenːisːsts]
batoniņš,[ˈbatːonːiɲʃ]
pudiņš,[ˈpudːiɲʃ]
maijpuķīte,[maijpuciːtæ]
oftalmologs,[ɔftalmɔːlɔɡs]
lietojums,[liɛtːɔjːums]
lietojumi,[liɛtːɔjːumːi]
transportlīdzeklis,[tɾanspɔɾtliːdzæklis]
badastreiks,[badːastɾɛiks]
queer,/kwɪɹ/
karāties,[kɑː.rɑ.ti.ɛs]
konjugēt,[kɔnjuɡɛːt]
Ādaži,[ˈaː.da.ʒi]
trupa,/ˈtrypa/
freska,/frêska/
DNS,[ˈdeːjɛnɛʃ]
badastreiks,[badːastɾɛiks]
a,[aː]
transportlīdzeklis,[tɾanspɔɾtliːdzæklis]
līdzeklis,[liːdzæklis]
lietojums,[liɛtːɔjːums]
ablatīvs,[ablatiːvs]
masturbēt,[mastuɾbæːt]
oftalmologs,[ɔftalmɔːlɔɡs]
maijpuķīte,[maijpuciːtæ]
konkurss,/ˈkonkursː/
Seinejoki,/ˈsei̯neˌjoki/
jaguārs,[jaɡːuaːrs]
pudiņš,[ˈpudːiɲʃ]
batoniņš,[ˈbatːonːiɲʃ]
Stīvs,[stīːws]
tenisists,[ˈtenːisːsts]
handbolists,[ˈxandbɔlːists]
kaitināt,[kāītinâːt]
komunists,[kɔːmunːists]
kapitālists,[kapːitaːlists]
matrica,[ˈmɒtrit͡sɒ]
tehnoloģisks,[tæhnɔlɔːɟisks]
tehnoloģiskais,[tæhnɔlɔːɟiskais]
Vita,/ˈvi.taː/
bole,/bol/
-one,/-əʊn/
it,/ɪt/
video,/ˈvɪd.i.əʊ/
sula,"/suˈla/ [suˈl̪a]"
suka,"/ˈsuka/ [ˈsu.ka]"
papa,/pəˈpɑː/
o,[oː]
N,/ɛn/
manta,/ˈmæn.tə/
k,[c]
gana,"/ˈɡana/ [ˈɡa.n̪a]"
ar,/ˈɑː/
A,[aː]
tauta,/ˈtɑu̯tɑ/
zars,[zāɾs]
baznīca,[baznìːtsa]
jel,/d͡ʒɛl/
velns,[vǣlns]
rīks,[ɾìks]
tulks,[tūlks]
r,"[rɑː, ɑrrɑː]"
stop,[ˈstɔp]
fa,/fɑ/
sers,[sǣːrs]
simfonija,/sǐmfoːnija/
nauda,[ˈnâu̯da]
no,/nəʊ/
aukla,[àwkla]
homo-,/ˈhomo-/
bite,/baɪt/
abate,/əˈbeɪt/
Jēkabpils,[ˈjeːkapːils]
tad,/tæd/
gotu,[ɡotu]
sist,/sɪst/
kurva,[ˈkurva]
eksperimentēt,[ækspæɾːimæntæːt]
nest,/nɛst/
ass,[aʃ]
pica,/ˈpaɪkə/
ne,/nə/
un,/ˈun/
te,[tɛː]
ꞧ,"[rɑː, ɑrrɑː]"
ꞥ,/ɛn/
ꞣ,[c]
ꞡ,/ɟ/
Ł,/ɬ/
ł,/ɬ/
Ꞣ,[c]
Ꞡ,/ɟ/
Ꞥ,/ɛn/
Ꞧ,"[rɑː, ɑrrɑː]"
burāt,[buɾaːt]
spēlēt,[spæːlæːt]
nu,/njuː/
a-,/ə/
pie,/paɪ/
kājbumba,[kāːjbūmba]
viss,/vɪs/
U,[uː]
Romans,/ˈɹəʊmənz/
P,/pʰiː/
Meksika,[ˈmʲɛksʲɪkɐ]
maize,/meɪz/
litera,[ˈlɪtɛra]
lente,/ˈlɛn.teɪ/
iz-,/ɪt/
C,/siː/
kvieši,[kvìɛʃi]
plate,/pleɪt/
u,[uː]
Moldova,/mɒlˈdəʊ.və/
Uganda,/(j)uˈɡændə/
AIDS,/eɪdz/
Peru,/pəˈɹuː/
Mali,/ˈmɑːli/
Angola,/æŋˈɡəʊlə/
Panama,/ˈpæn.ə.mɑː/
robot,/ˈɹəʊ.bɒt/
parole,/pəˈɹoʊl/
f," [fa: afa:]"
O,[oː]
distance,/ˈdɪst(ə)ns/
bet,/ˈbɛt/
-e,/-i/
aisbergs,[aisbæɾɡs]
leduskalns,[lædːuskalns]
bēbis,/ˈbēːbis/
alfabēts,[alfabæːts]
Zuzanna,/zuˈzan.na/
priekš,[pɾiɛ̂ks]
medūza,[mʲɛduːˈzɐ]
Jozua,/ˈjoː.zy.aː/
bass,/beɪs/
z,"[zɑː, ɑzzɑː]"
v,[ɑvvɑʔ]
t,"[tɑː, ɑttɑː]"
p,/pʰiː/
n,/ɛn/
m,"[mːɑː, ɑmmɑː]"
l,/ɬ/
j,"[jːɑː, ɑjjɑː]"
h,"[hɑː, ɑhhɑː]"
g,/ɟ/
d,/d/
c,/siː/
e,[ɛː]
ir,/ir/
penis,/ˈpiː.nɪs/
sentence,/ˈsɛntəns/
tundra,/ˈtʌndɹə/
er,/ɜː/
tak,/tæk/
gans,/ɣɑns/
lampa,[ɫɑmˈpɑ]
re,/ɹiː/
pants,/pænts/
CH,/se.aʃ/
ES,"[iː e̞sɨ]"
pupa,/ˈpjuːpə/
b,"[bɑː, ɑbbɑː]"
lama,/ˈlɑː.mə/
zebra,/ˈzɛbɹə/
el,[ɛʎ]
Samoa,/ˈsaʊ.məʊ.ə/
ai,/ˈɑ.i/
acumirklis,[atsːumiɾklis]
i,[iː]
en,/ˈɛn/
ik,/ək/
ab,/æb/
mala,/ˈmeɪ.lə/
ķirzaka,[cīrzaka]
Ābele,[âːbɛle]
Vilks,[vìlks]
Ozols,[uôzuols]
Lācis,[lâːtsis]
Lapsa,[lapsa]
filosofija,/fɪ.lɔ.sɔˈfiː.ja/
Bite,/baɪt/
Krievs,[kɾìews]
aa,/ˈɑː.ɑː/
nuga,/ˈnuɡ̊ɑ/
acīgais,[atsiːɡais]
ētiskais,[eːtiskais]
bīstamais,[biːstamːais]
atstāstījums,[atstāːstīːjums]
acīgs,[atsiːɡs]
grūtniecība,[ɡɾūːtnìɛtsīːba]
gārša,[ɡâɾʃa]
ēna,[ǣːna]
aicināšana,[aitsːinaːʃanːa]
šimpanze,/ˈʃimpɑnze/
adīšana,[adîːʃana]
dzimšana,[dzîmʃana]
aparšana,[apaɾʃana]
apmainīšana,[apmāīnîːʃana]
pergamentpapīrs,[pɛɾɡamɛntpapiːɾ]
īstums,[īːstums]
pornogrāfisks,[pɔɾnɔɡɾaːfisks]
dzīvoklis,[dzīːvuoklis]
šķirklis,[ʃcīɾklis]
vārdnīca,[ˈvɑːrdniːtsɑ]
ķauķis,[caucis]
dāvana,/ˈdɑː.vɑ.nɑ/
mērs,[mæːrs]
kaimiņš,[ˈkài̯mʲinʲt͡ʃ]
turpinājums,[tùɾpinâːjums]
šķērslis,[ʃcɛ̀ːɾslis]
skumjš,[skùmʲʃ]
dāsns,[dāːsns]
akcentuācija,[aktsɛntuaːtsijːa]
amfībija,[amfīːbija]
priesterība,[pɾīɛ̄stɛɾìːba]
cepešpanna,[t͡sɛpːɛʃpanːa]
cepeškrāsns,[tsɛpɛʃkɾâːsns]
maiznīca,[màiznìːtsa]
dažreiz,[daʒɾɛīz]
pļaujmašīna,[pʎāwmaʃīːna]
žogs,[ʒùoɡs]
mūķene,[mūːcɛnɛ]
kāds,[kɑ̟ːt̪s̪]
pierobeža,[pìɛɾuòbɛʒa]
mīts,[mīːts]
jūrmala,[jūːɾmala]
vēsma,[vǣːsma]
žigls,[ʒiɡls]
spējš,[spɛ̀ːjʃ]
intīms,[īːntīːms]
pēcpusdiena,[pɛː̂tspusdìɛna]
vakariņas,[vakaɾiɲas]
rītdiena,[ɾîːddìɛna]
parītdiena,[paɾîːddìɛna]
aizparīt,[àjzpaɾîːt]
parīts,[paɾîːts]
parīt,[paɾîːt]
mirstība,[mīɾstiːba]
mirstīgums,[mīɾstiːɡums]
labrīts,[labɾîːts]
skaļrunis,[skaʎɾunis]
bārabērns,[bàːɾabæ̀ːɾns]
joprojām,[jùoˈpɾuôjāːm]
slapjš,[slapʲʃ]
skūpsts,[skûːpsts]
iekšā,[ìɛkʃa]
šodien,[ˈʃuɔ̯d̪iɛn̪]
cēsnieks,[tsēːsniɛks]
afrikāniete,[afɾikaːniɛtːæ]
afrikānisks,[afrikāːnisks]
reņģe,[ɾɛ̄ɲɟɛ]
turpmāks,[tūɾpmâːk]
tēvocis,[ˈtǣːvuôt͡sis]
albāniete,[albāːniɛtɛ]
amerikānisms,[amɛɾikāːnisms]
amerikānisks,[amɛɾikāːnisks]
amerikāniete,[amɛɾikāːniɛtɛ]
ķeizariste,[ceizariste]
vīrietis,[vīːɾietis]
kurmandži,/ˈkurmɑndʒi/
nebēda,[næbæ̀ːda]
ērkšķis,[ɛ̄ːɾkʃt͡ʃis]
aizmārša,[àizmàːɾʃa]
acīgāks,[atsiːɡaːks]
nerātns,[næɾāːtns]
stirnāzis,[stiɾnâːzis]
dvīne,[dvìːnɛ]
lielpilsēta,[līɛ̄lpilsǣːta]
karaspēks,[ˈkàɾaspæ̀ːks]
blīvs,[blīːws]
sliņķis,[slīɲcis]
ētiski,[eːtiski]
akustiķe,[akustice]
akustiķis,[akːusticis]
ētisks,[eːtisks]
ētika,[eːtikːa]
antropoloģe,[āntɾopoloɟɛ]
antropoloģija,[āntɾopoloɟija]
ķīmiķis,/ˈciːmicis/
īgns,[îɡns]
brūngans,[brūːŋɡans]
sarkanīgs,[saɾkaniːɡs]
krāsns,[kɾâːsns]
lielīgs,[līɛ̄lîːks]
laimīgs,[lāīmîːɡs]
priecīgs,[pɾiɛ̂ksîːɡs]
bīstami,[biːstamːi]
vēsturnieks,[væ̀ːstuɾniɛks]
vēsturniece,[væ̀ːstuɾniɛtsɛ]
ņiprs,[ɲipɾs]
brūns,[bɾūns]
zīmulis,[zìːmulis]
plašs,[plaʃ]
ķē,[cɛː]
jē,[jɛː]
ģē,[ɟɛː]
amerīcijs,[amerìːtsijs]
mēsli,[mæ̂ːsli]
aktīnijs,[aktīːnijs]
cērijs,[tsɛ̄ːɾijs]
pļava,[pʎava]
cālis,[tsāːlis]
Ņ,/ɛn/
ļ,/ɬ/
Ļ,/ɬ/
Ģ,/ɟ/
ķ,[c]
spēle,[spæːlæ]
ēzelis,[ɛ̄ːzɛlis]
lācene,[lâːtsɛnɛ]
cūkgaļa,[tsūːk.ɡaʎa]
jērs,[jǣːɾs]
zēns,[zǣːns]
īpašība,[īːpaʃìːba]
bārene,[bàːɾɛnɛ]
krēsla,[krǣːsla]
ārsts,[āːrsts]
alumīnijs,[alumiːnijs]
Vēsma,[vǣːsma]
Ī,[iː]
Ū,[uː]
Romāns,/ˈɹəʊmənz/
Ķ,[c]
operācija,[ɔpːeraːtsijːa]
bārenis,[bàːɾɛnis]
bīstams,[biːstams]
pūsti,[ˈpǔːsʲtʲɪ]
čoms,[tʃoms]
bāre,[bàːɾɛ]
skuķe,[skucɛ]
zeņķis,[zɛ̄ɲcis]
skuķis,[skucis]
pērns,[pǣːɾns]
apdārzs,[apdàːɾs]
ķoniņš,"[cɔːniɲʃ ~ cuoniɲʃ]"
neglītums,[nɛɡlîːtums]
zinātne,[zinâːtnɛ]
kļūda,[kʎûːda]
intonācija,[intonāːtsija]
locījums,[lùotsîːjums]
atmiņa,[atmiɲa]
atslēga,[atslæ̂ːɡa]
krēslains,[krǣːslains]
bālums,[bāːlums]
mirstīgs,[mīɾstiːks]
tumšs,[tùmʃ]
pēc,[pɛː̂ts]
stāsts,[stâːsts]
bāris,[bàːɾis]
kāpēc,[ˈkâːpêːts]
īpašs,[īːpaʃ]
grūtums,[ɡɾūːtums]
netīrs,[nɛtīːɾs]
knābis,[knàːbis]
vēl,[vɛ̂l]
rūgts,[ɾûːkt]
skābs,[skâːbs]
afrikānietis,[afrikāːniɛtis]
afrikānis,[afɾikāːnis]
bārdains,[bàːɾdājns]
grūsns,[ɡɾūːsns]
arī,[aɾîː]
sāļš,[sàːls]
albānis,[albāːnis]
amerikānis,[amɛɾikāːnis]
nākotne,[nāːkuôtnɛ]
glāze,[ɡlāːzɛ]
apmaiņa,[apmāīɲa]
stāvoklis,[stāːvuoklis]
esamība,[æsamīːba]
rātns,[ɾāːtns]
Mežāzis,[mɛʒâːzis]
Dvīņi,[dvìːnis]
Vēzis,[vɛ̂ːzis]
Vērsis,[vɛ̀ːrsis]
neglīts,[nɛɡlîːts]
paklājs,[paklâːjs]
ļauns,[ʎāūns]
burtnīca,[būrtnìtsa]
pār,/ˈpaːɾ/
čiekurs,[tʃiēkurs]
kaķene,[kacɛnɛ]
dobjš,[duôbʲʃ]
prievārds,[pɾievàːɾds]
nominatīvs,[nɔminːatiːvs]
dārzs,[dàːɾs]
ī,[iː]
Ē,[ɛː]
pornogrāfija,[pɔɾnɔɡɾaːfijːa]
kultūra,[kʊltuˈrɐ]
vēzis,[vɛ̂ːzis]
Cēsis,[tsēːsis]
čība,[tʃīːba]
ēdiens,[êːdiens]
sēne,[sɛ̄ːnɛ]
rūpa,/ru.pa/
zīlīte,[zīːlìːtɛ]
ābece,[ˈàːbʲɛt͡sʲɛ]
lāpstiņa,[lâːpstiɲa]
kārs,[kāːrs]
abažūrs,[abːaʒuːɾs]
aplikācija,[aplikaːt͡sija]
ķerra,[cærːa]
kuģis,[kuɟis]
mūks,[mūːks]
rīt,[rīːt]
vēsture,[væ̀ːstuɾɛ]
viesnīca,[vìesnīːtsa]
lietvārds,[lìɛtvàːɾds]
Rīga,[ɾīːɡa]
vēlreiz,[vɛ̂lreīz]
adenīns,[adɛniːns]
punšs,[punʃ]
stīvs,[stīːws]
līķis,[līːcis]
šķēres,[ʃcɛ̄ːɾɛs]
tāfele,[tāːfɛlɛ]
pavēle,[pavɛ̄ːlɛ]
pagātne,[paɡāːtnɛ]
vīle,[vīːlɛ]
šķīvis,[ʃcīːvis]
līdzskanis,[līːdskanis]
zeķe,[zece]
āmurs,[āːmuɾs]
ķirbis,[cīrbis]
apstāklis,[apstàːklis]
bļoda,[bʎūōda]
pātaga,[pàːtaɡa]
īstens,[īːstɛns]
ļoti,[ʎùoti]
bagāts,[baɡāːts]
Brazīlija,[bɾazīːlija]
biežs,[bìɛʃː]
ūsa,[ūːsa]
plīts,[plīːts]
bruņas,[bruɲɑs]
nedeļa,[nɛdɛ̄ːʎa]
kāposti,[kàːpuôsti]
Horvātija,[xɔrvaːtija]
Nadežda,[ˈnaɟeʒda]
nedēļa,[nɛdɛ̄ːʎa]
apziņa,[apziɲa]
grāmata,[ɡɾāːmata]
ģerbonis,[ɟæ̀rbùonis]
dīvains,[dīːvajns]
klēts,[klɛ̄ːts]
labība,[labìːba]
žurka,[ʒùrka]
intuīcija,[intuīcija]
šakālis,[ʃakaːlis]
arsēns,[arseːns]
džudo,[ˈdʒudo]
speķis,[spɛcis]
švaks,[ʃvɑks̪]
zāģis,[zāːɟis]
ķīsis,[cīːsis]
tāss,[tāːss]
gurķis,[ɡûɾcis]
valūta,[valùːta]
vēstule,[væ̀ːstulɛ]
mošeja,/mɔˈʃɛja/
forši,/forʃi/
zaldāts,[zāldāːts]
sīpols,[sīːpuols]
šķēps,[ʃcæ̀ps]
šķērss,[ʃcɛ̀ːɾs]
kāss,[kāːs]
jēga,[jǣɡa]
gnīda,[ɡnīːda]
kārts,[kāːɾts]
jēls,[jæ̂ːls]
vēls,[væ̂ls]
kopš,[kɔpʃ]
taču,[tatʃu]
zvērs,[zvæ̂ːɾs]
tāls,[tâːls]
dzērve,[dzɛ̄ːɾvɛ]
žirgts,[ʒīɾkts]
možs,[muôʃ]
prāvs,[pràws]
knašs,[knaʃ]
bāls,[bāːls]
svešs,[svɛʃ]
skaļš,[skaʎʃ]
pēkšņs,[pɛ̀ːkʃɲs]
gaišs,[ɡàjʃ]
šis,[ʃis̪]
ģints,[ɟìnts]
lakstīgala,[lakstīːɡala]
blāvs,[blāːws]
šķīsts,[ʃcîːsts]
grīva,[ɡɾīːva]
tētis,[tɛ̄ːtis]
žoklis,[ʒuôklis]
grūts,[ɡɾūːts]
tīrs,[tīːɾs]
ālants,[āːlants]
pērn,[pǣːɾn]
raža,[ɾaʒa]
ērts,[æ̀ːɾts]
iekša,[ìɛkʃa]
mēle,[ˈmʲæ̀ːlʲæ]
krāšņs,[kɾâːsns]
īsts,[īːsts]
pāvests,[pāːvɛsts]
ķēniņš,[cɛ̄ːniɲʃ]
vāci,[vāːtsi]
garša,[ɡâɾʃa]
oža,[uôʒa]
vālodze,[vāːluôdzɛ]
ērce,[ɛ̄ːɾtsɛ]
dumjš,/ˈdumʃ/
muļķis,[mûʎcis]
krāce,[kɾāːtsɛ]
lēts,[lǣːts]
āre,[âːɾɛ]
strēle,[stɾɛ̂ːlɛ]
dvīnis,[dvìːnis]
glīts,[ɡlîːts]
daiļš,[dāīʎʃ]
raupjš,[ràwpʲʃ]
zvīņa,[zvīːɲa]
ļaudis,[ʎàwdis]
šausmas,[ʃāūsmas]
šķidrs,[ʃcidɾs]
ciešs,[tsiɛ̂ʃ]
drošs,[dɾùoʃ]
kuņģis,[kūɲɟis]
vājš,[vâːjʃ]
sīks,[sîːks]
dārgs,[dàːɾɡs]
spēks,[spæ̀ːks]
lēns,[læ̀ːns]
kūts,[kūːts]
vēss,[vǣːs]
čakls,[tʃakls]
skaņa,[ˈskanʲa]
stārķis,[stāːɾɟis]
drēgns,[drǣːɡns]
vēdzele,[vɛ̂ːdzɛlɛ]
īss,[îːs]
pāksts,[pâːksts]
spārns,[spàːɾns]
sārts,[sāːɾts]
straujš,[stɾàujʃ]
ātrs,[āːtɾs]
ašs,[aʃ]
seši,[ˈsʲɛʃi]
bēda,[bæ̀ːda]
rupjš,[rupʲʃ]
tē,[tɛː]
šaurs,[ʃàuɾs]
āķis,[ɑ̄ːcis]
kāsis,[kàːsis]
drāna,[drāːna]
sērs,[sǣːrs]
īlens,[īːlæns]
māja,[maːja]
dzīsla,[dzîːsla]
vāks,[vâːks]
varavīksne,[vaɾavîːksnɛ]
lēca,[lǣːtsa]
ķermenis,[cɛ̄ɾmɛnis]
lāpsta,[lâːpsta]
ķēve,[cɛ̄ːvɛ]
āzis,[âːzis]
zaķis,[zacis]
ģimene,[ɟimɛnɛ]
kāja,[kāːja]
ceļš,[tseːls]
vērsis,[vɛ̀ːrsis]
ārs,[âːɾs]
krēsls,[krǣːsls]
svārki,[svāːɾki]
krūms,[kɾūːms]
dēls,[dæ̂ːls]
tēvs,[tǣːws]
cilvēks,[tsìlvæ̀ːks]
gāze,[ɡāːze]
astoņi,[ɑstuo̯ɲi]
deviņi,[dɛviɲi]
trīs,[triːs]
ū,[uː]
viņš,[viɲʃ]
rūda,/ruːdɐ/
Albānija,[albāːnija]
vāvere,[vaːvɛɾɛ]
čūska,[tʃūska]
nē,/nə/
ūdrs,[ûːdrs]
eš,"[iː e̞sɨ]"
četri,[ˈt͡ʃɛtri]
mežs,[ˈmʲɛʃs]
nāve,[nâːvɛ]
vīrs,[vìrs]
ābele,[âːbɛle]
ķēde,[cɛ̄ːdɛ]
jūra,[jūːɾa]
vīns,[viɲʃ]
vārna,[vāːɾna]
pīle,[pīːlɛ]
buča,[butʃa]
cūka,[tsuːːka]
kaķis,[ˈkacis]
gaļa,[ˈɡalʲa]
lācis,[lâːtsis]
zābaks,[zàːbaks]
vēdeklis,[vɛ̄ːdɛklis]
ābols,[ɑ̂ːbuo̯ɫs]
jā,/tʃɑ³³/
šeit,[ʃɛît]
dzīvs,[dzîːws]
plāns,[plāːns]
brīvs,[brīːws]
ķemme,[cɛ̄mmɛ]
ķiploks,[cipluōks]
burkāns,[būɾkāːns]
vārds,[vàːɾds]
vētra,[vǣːtɾa]
sāls,[sàːls]
pūķis,[pūːcis]
ērglis,[ɛ̀ːrɡlis]
ūdens,[ûːdɛns]
vējš,[vɛ̄ːjʃ]
māte,[māːtɛ]
bārda,[bàːɾda]
hā,/ˈhaː/
eļļa,[æʎːa]
mēs,[mɛ̄ːs]
jūs,[juːs]
krāsa,[krāːsa]
tā,[tāː]
Vecrīga,/ˈvætsɹiːɡɑː/
ē,[ɛː]
eļ,[ɛʎ]
ā,[aː]
duša,/dǔːʃa/
Rēzekne,[ɾɛ̄ːzɛknɛ]
Jūrmala,[jūːɾmala]
Liepāja,[lìepāja]
lūpa,[lūːpa]
karš,[kāːrs]
ž,"[zɑː, ɑzzɑː]"
muša,[muʃa]
labrīt,[labˈɾîːt]
zaļš,[zaʎʃ]
pelēks,[pælæ̂ːks]
āpsis,[âːpsis]
Wikipēdija,/ˈvikipeːdija/
Vikipēdija,/ˈvikipeːdija/
piemērs,/ˈpiəmɛːɾs/
ģ,/ɟ/
mačka,[ˈmat͡ʃka]
šašliks,[ʃaʃliks]
māsa,/ma.sa/
Varšava,[ˈvarʃava]
dzīvnieks,[dzîunìɛks]
Ēģipte,[æːɟipte]
č,/siː/
Kambodža,[ˈkambodʒa]
āda,[âːda]
nāss,[nāːs]
rīts,[ɾîːts]
kā,/ˈkaː/
septiņi,[sɛptiɲi]
gā,[ɡaː]
dē,[dɛː]
bērzs,[bǣːrs]
stāds,[stàːts]
bērns,[bæ̀ːɾns]
ņ,/ɛn/
Ā,[aː]
Ž,"[zɑː, ɑzzɑː]"
Č,/siː/
Z,"[zɑː, ɑzzɑː]"
V,[ɑvvɑʔ]
R,"[rɑː, ɑrrɑː]"
L,/ɬ/
K,[c]
I,[iː]
E,[ɛː]
B,"[bɑː, ɑbbɑː]"
T,"[tɑː, ɑttɑː]"
H,"[hɑː, ɑhhɑː]"
D,/d/
J,"[jːɑː, ɑjjɑː]"
G,/ɟ/
F," [fa: afa:]"
M,"[mːɑː, ɑmmɑː]"
Jonas,/ˈjoː.nɑs/
bilde,/bilə/
celle,[ˈsɛlə]
ikona,/ɪkoːˈnɐ/
hasīdisms,[ˈxasiːdisms]
kādreiz,[kâdreīz]
adaptācija,[adːaptaːtsijːa]
brālēns,[brāːlæns]
akvārijs,[akvaːɾijs]
adrenalīns,[adɾænːaliːns]
ratiņkrēsls,[ɾatːiɲkɾæːsls]
aģentūra,[aɟːentuːɾa]
topiņš,[tɔpːiɲs]
apvidvārds,[apvidvaːɾds]
akrotērijs,[akɾotæːɾijs]
katedrāle,[katːædɾaːlæ]
admirālis,[admiɾaːlis]
romāns,/ˈɹəʊmənz/
ķieģelis,/cieɟelis/
karatē,[kaɾːateː]
lāma,/ˈlɑː.mə/
enciklopēdija,[æntsiklɔpæːdijːa]
ananāss,[ananas]
taisnība,/taisniːbɑ/
ājurvēda,[aːjuɾvæːda]
griešana,[ɡrīēʃːana]
dzīšana,[dzīʃana]
miršana,[mīɾʃana]
aušana,[âwʃːana]
absolūtiste,[ˈabsɔluːtistɛ]
absolūtists,[ˈabsɔluːtists]
siltumnīca,[siltumniːtsa]
delegācija,[dælːæɡaːtsijːa]
mūziķe,[ˈmuːzicɛ]
burātājs,[buɾaːtaːjs]
mūziķis,[ˈmuːzicis]
Čada,[ˈt͡ʃada]
cēls,[tseːls]
abstrahēšana,[abstɾahæːʃanːa]
ejakulējoši,[ʔɛi̯əkʊɫɛːjɔʃɪ]
Zaķis,[zacis]
Ābols,[ɑ̂ːbuo̯ɫs]
krēslošana,[krǣːsluɔʃana]
-išķs,[isks]
raženi,[ˈraʒɛɲɪ]
kožami,[ˈkɔʒami]
visacīgākais,[atsiːɡaːkais]
acīgākais,[atsiːɡaːkais]
visētiskākais,[viseːtiskaːkais]
ētiskāks,[eːtiskaːks]
visbīstamākais,[visbiːstamaːkais]
bīstamākais,[biːstamaːkais]
bīstamāks,[biːstamaːks]
žē,[zɛː]
zē,[zɛː]
vē,[vɛː]
pē,/pɪ/
eņ,/ˈɛn/
čē,[tsɛː]
cē,[tsɛː]
vāverēns,[vāːvɛɾɛ̄ːns]
kaķe,[kacɛ]
maisiņš,[màjsiɲʃ]
kandža,/kâːnd͡ʒa/
Viļņa,[vīlna]
zirdziņš,/ˈzir.d͡ziɲʃ/
staigņš,[stàjɡns]
zāle,[zâːlɛ]
brālis,[bɾāːlis]
čau,[ˈt͡ʃau̯]
cūška,[tʃūska]
koniņš,"[cɔːniɲʃ ~ cuoniɲʃ]"
mežāzis,[mɛʒâːzis]
zvīna,[zvīːɲa]
vājs,[vâːjʃ]
mūsa,[muʃa]
spilvēns,[spìlvæns]
kaŗš,[kāːrs]
jonosfēra,[jɔnːɔsfæːɾa]
kūka,[kuːka]
kopā,[ˈkuō.paː]
ziņote,[ziɲuôtɛ]
bē,/ᵐbɪ/
tur,/tʊə/
mats,/mæts/
oga,/ˈəʊ.ɡə/
atoms,/ˈatəmz/
colla,[ˈkɔ.ʎə]
kas,"/ˈkas/ [ˈkʌs]"
tablete,/taˈblɛ.t͡ʃi/
mags,-æɡz
masa,/ma.sa/
malka,/ˈmɑlkɑ/
tapete,[taˈpetɪ]
Mjanma,/ˈmjan.ma/
ideogramma,[ˈidɛoɡrɒmːɒ]
kontrabanda,/kɔn.traˈban.da/
nafta,[ˈnafta]
sankcija,/sǎnkt͡sija/
tonna,[ˈtonːɒ]
Nils,[ˈnils]
doza,/ˈdɔ.za/
samurajs,[samːuɾːajs]
aculiecinieks,[atsːulːiɛtsinːiɛks]
embargo,/ɪmˈbɑɹɡoʊ/
lasīt,[lasîːt]
pentagramma,[ˈpɛntɒɡrɒmːɒ]
muca,/ˈmˠʊkə/
amulets,/ˈæm.jə.lɪts/
anka,/ˈaŋˌka/
fakts,[fakts]
prizma,[ˈprizmɒ]
Normandija,/normǎndija/
metafora,[ˈmɛtafora]
grupa,[ˈɡrupa]
ekliptika,[ˈɛklɪptɪka]
termodinamika,[ˈtɛrmodinɒmikɒ]
dinamika,[dinaˈmika]
civils,/sɪvl̩z/
asimetrija,/asimětrija/
anarhija,/anǎrxija/
Tbilisi,/təˈbɪ.lɪ.si/
aleja,/aˈlɛ.ja/
oligarhija,/oliɡǎrxija/
Kenija,/kêːnija/
Gvineja,/ɡʋinɛ́ːja/
Etiopija,/etiǒpija/
biofizika,[ˈbijofizikɒ]
Odesa,/oˈdesa/
terapija,[tɛˈɾaːpɪjɐ]
Nikosija,/nɪ.kɔˈsiː.ja/
Zambija,/zǎmbija/
Gana,"/ˈɡana/ [ˈɡa.n̪a]"
pievilt,[piɛvːilt]
java,/ˈd͡ʒɑː.və/
dinastija,/dinǎstija/
triolets,/tʁi.jɔ.lɛ/
bez-,/bɛz/
koncepcija,/kont͡sěpt͡sija/
process,/ˈpɹəʊsɛs/
paciente,/paˈθjente/
kritika,[ˈkrɪtɪka]
suga,/ˈsuɡɑ/
kuce,/ˈku.t͡sɛ/
frakcija,/frǎkt͡sija/
stabule,[ˈstabulʲæ]
bungot,/buˈŋot/
metropole,/ˈmɛtɹəpəʊl/
tronis,[ˈtɾɔ.nis]
balva,/ˈpalːva/
daina,[ˈdaj.nə]
atgriezt,[atɡrīɛ̄st]
konfesija,/konfěsija/
policists,[ˈpɔlʲit͡sʲist͡s]
gavēt,[ɡavæːt]
industrija,/ɪnˈdus.trɪ.ja/
fabrika,[ˈfabrɪka]
ainava,/ˈɑi̯nɑʋɑ/
ciska,/ˈt͡ɕis.ka/
teorija,/tɛ.ɔˈriː.ja/
stipendija,/stipěndija/
anekdote,/ˌaː.nɛkˈdoː.tə/
Ŗ,"[rɑː, ɑrrɑː]"
prezidents,[ˈprɛzʲidʲɛnt͡s]
uzticēt,[uztitsɛ̂ːt]
◌̧,/mɲɛ/
◌̌,/mɲɛ/
◌̄,/mɲɛ/
cilme,[ˈt͡sɪlmɛ]
bedre,[b̥e̝ðʁɐ]
aplis,[ˈa.plis]
stabilizēt,[stabːilːizæːt]
segt,[ˈsʲækʲtʲ]
gar,/ɡɑː/
vide,/vaɪd/
komanda,/kɑˈmɑndɑ/
gods,/ɡɑdz/
gaita,/ˈɡai̯ta/
filma,/fil.ma/
akcija,/ǎkt͡sija/
rinda,[ɾīnda]
elks,/ɛlks/
skava,/²skɑːʋɑ/
dunka,/ˈdunka/
varonis,/u̯aːˈroː.nis/
pumpa,[ˈpumpa]
baterija,/bǎteːrija/
patika,[ˈpɒtikɒ]
gripa,/²ɡriːpɑ/
luga,/ˈluɡaʔ/
gramatika,/ɡramatika/
bise,/baɪs/
acenes,[atsːænːæs]
komunisms,[kɔːmunːisms]
tehnika,/těxnika/
olis,[ˈɔ.lis]
audi,/ˈau̯.di/
aizvietot,[aizviɛtɔt]
krava,/krâʋa/
Laura,/ˈlɔɹə/
Espo,/ˈespo/
-ene,/-iːn/
Brice,/bɹaɪs/
rupais,/ʁy.pɛ/
senais,[sʲɛˈnɐjs]
gardais,/ɡaʁ.dɛ/
garais,/ˈɡarai̯s/
aklais,[ɐkˈlɐjs]
čakarēt,[t͡ʃɑk(ː)ɑreːˀt]
amats,[əˈmats]
bildēt,[bilˀdeːˀt]
Obadja,/oːˈbɑt.jaː/
Madride,/maˈdɾi.d͡ʒi/
lietus,[liɛ̂tus]
blusa,[blusa]
rota,/ˈɹəʊtə/
jakts,[jakts]
mega-,/ˈmɛɡə/
kilo-,/ʃi/
nano-,/ˈnænəʊ/
deva,/ˈdeɪvə/
mili-,[mi.li]
staigāt,[ˈstai̯ɡaːt]
daba,"/ˈdabaʔ/ [ˈd̪a.baʔ]"
skaut,/skøyːt/
abaks,[abːaks]
azote,/ˈæzəʊt/
mizantropija,/mizantrǒpija/
aba,/əˈbɑː/
ap,/aːp/
censties,[tsɛ̀nstiɛ̂s]
nokaut,/ˈnɔ.kawt/
barot,/ˈbaɾut/
kaplēt,[kaplɛ̂ːt]
šķērsot,[ʃcɛ̀ːɾsuôt]
zviegt,[zvìɛkt]
baidīt,[bāīdîːt]
abstrahēt,[abstɾaheːt]
jēgt,[jɛ̄kt]
aicināt,[aîtsinâːt]
parast,[paɾast]
apspriest,[apspɾiɛ̂st]
šmaukt,[ʃmàwkt]
stādīt,[stāːdîːt]
uzcept,[ustsɛpt]
sacept,[satsɛpt]
piecept,[piɛtsɛpt]
pārcept,[paːɾtsɛpt]
pacept,[patsɛpt]
nocept,[nuotsɛpt]
izcept,[istsɛpt]
iecept,[iɛtsɛpt]
atcept,[attsɛpt]
apcept,[aptsɛpt]
sauļot,[sāūʎuôt]
vārīt,[vàːɾîːt]
pļaut,[pʎāwt]
cept,[ˈt͡sʲæpʲtʲ]
spļaut,[spʎāwt]
zelt,[zêlt]
pelnīt,[pɛ̀lnîːt]
mezglot,[mæzɡluôːt]
mežģīt,[mɛʒɟîːt]
prasīt,[prasîːt]
saukt,[ˈsàu̯kʲtʲ]
rakstīt,[ɾakstîːt]
pūt,[pūːt]
kustēt,[kustɛ̂ːt]
kļūt,[kʎûːt]
krēslot,[kɾǣːsluôt]
vingrot,[vīŋɡɾuôt]
skaitīt,[skàjtîːt]
skatīt,[skatîːt]
ņemt,[ɲɛ̂mt]
aizstāvēt,[ajstāːvɛ̂ːt]
peldēt,[pɛ̄ldɛ̂ːt]
gaist,[ɡàjst]
stāvēt,[stāːvɛ̂ːt]
meklēt,[mɛklɛ̂ːt]
varēt,[vaɾɛ̂ːt]
atbildēt,[atbîldɛː̂t]
traucēt,[tràwtsɛ̂ːt]
ticēt,[titsɛ̂ːt]
degt,[dekt]
ziemot,[zìɛmuôt]
adīt,[adîːt]
smaidīt,[smāīdîːt]
zvejot,[zvejuôt]
slaukt,[slàwkt]
seglot,[sæɡluôt]
slaucīt,[slāwtsîːt]
producēt,[pɾodutsɛ̂ːt]
skaidrot,[skāīdruôt]
zāģēt,[zāːɟɛ̂ːt]
klepot,[ˈklɛpot]
mazgāt,[mazɡâːt]
nāvēt,[nâːvɛ̂ːt]
skūpstīt,[skûːpstīːt]
līdzēt,[ɫīːdzɛ̂ːt]
jautāt,[jāūtât]
jokot,[juōkuôt]
ubagot,[ubaɡuôt]
skābt,[skâːpt]
dzimt,[dzìmt]
strādāt,[stɾàːdâːt]
maksāt,[maksâːt]
drīkstēt,[dɾìːkstɛ̂ːt]
zaudēt,[zàwdɛ̂ːt]
turpināt,[tùɾpinâːt]
stāstīt,[stâːstîːt]
atstāstīt,[atstâːstîːt]
paslēpt,[paslɛ̀ːpt]
pavēlēt,[pavɛ̄ːlɛ̂ːt]
izteikt,[istɛ̀ikt]
teikt,[tɛ̀ikt]
skart,/skar̥t/
gādāt,[ɡāːdâːt]
apvienot,[ɑbviɛ̯̂nuô̯t]
vienot,[viɛ̯̂nuô̯t]
taustīt,[tâwstîːt]
izart,[izâɾt]
atart,[atâɾt]
uzart,[saâɾt]
noart,[nuoâɾt]
saart,[saâɾt]
zīst,[zîst]
dzelt,[dzɛ̂lt]
atrast,[atɾast]
pārtulkot,[pāːɾtūlkuôt]
iztulkot,[istūlkuôt]
patulkot,[patūlkuôt]
mainīt,[māīnîːt]
pļāpāt,[pʎāːpât]
īgt,[îːkt]
piemirst,[pìɛmìɾst]
atvērt,[atvɛ̄ːɾt]
augt,[âwkt]
sākt,[sâːkt]
klupt,[klupt]
stumt,[stùmt]
griezt,[ɡrīɛ̄st]
šūt,[ʃūːt]
dzīt,[dzīːt]
nākt,[nāːkt]
braukt,[bɾàwkt]
dzīvot,[dzîːvʷôt]
raudāt,[ɾaûdât]
aizmirst,[àjzmìɾst]
dejot,[dɛjuôt]
tapt,-ɑpt
iekļūt,[ìɛkʎûːt]
paart,[paâɾt]
šķērst,[ʃcɛ̀ːɾst]
dusēt,[dusɛ̂ːt]
sūkt,[sùːkt]
palīdzēt,[palīːdzɛ̂ːt]
slēpt,[slɛ̀ːpt]
mācīt,[ˈmaːtsiːt]
apmainīt,[apmāīnîːt]
zināt,[zinâːt]
skumt,[skùmt]
diskutēt,[diskutæːt]
dabūt,[dabûːt]
dziedāt,[dziɛ̂dâːt]
beigt,/baɪ̯kt/
studēt,[studɛ̂ːt]
zagt,-aːkt
prast,[pɾast]
sacīt,[satsîːt]
gulēt,[ˈɡulʲæ̂ːtʲ]
dzirdēt,[dzìɾdɛ̂ːt]
sargāt,[sârɡāːt]
gatavot,[ɡatavuôt]
turēt,[tuɾɛ̂ːt]
dalīt,[dalîːt]
trūkt,[tɾūːkt]
glābt,[ɡlâːpt]
mirt,[mīɾt]
darīt,[darîːt]
redzēt,[ɾɛdzɛ̂ːt]
pirkt,[pìɾkt]
gribēt,[ɡɾibɛ̂ːt]
tulkot,[tūlkuôt]
laizīt,[ˈlaiziːt]
aust,[àwst]
likt,-ɪkt
kult,[ˈkult]
tikt,-ɪkt
velt,-ɛlt
rakt,[ˈʁɑɡ̊d̥]
pakost,/pâkoːst/
spriest,[spɾiɛ̂st]
būt,[bûːt]
iet,/ʔiːt˥/
ēst,[ɛ̂ːst]
cerēt,[tsɛɾɛ̂ːt]
salt,/sɒlt/
kust,/kʏst/
liet,-it
melot,[mæɫuô̯t]
dzert,[ˈd͡zʲæ̂rt]
liegt,-ixt
rast,/ʁaːst/
lidot,[liduôt]
ost,/ˈost/
kost,[ˈkost]
post,/pəʊst/
dot,/dɒt/
test,/tɛst/
art,/ɑːt/
siet,/sit/
kopt,[ˈkopt]
aut,/au̯t/
tempt,/tɛmpt/
celt,/sɛlt/
mist,/mɪst/
vest,/vɛst/
diet,/ˈdaɪət/
apart,/əˈpɑː(ɹ)t/
kurt,/kuə̯t/
mest,/mest/
malt,/mɒlt/
riet,/rit/
kalt,/kalt/
just,/d͡ʒʌst/
domna,/ˈdom.na/
bazilika,[ˈbazɪlɪka]
sens,[ˈsens]
Florence,/ˈflɒɹəns/
traks,[tɾaks]
partikula,[ˈpɒrtikulɒ]
ceplis,[tsɛplis]
sa-,/sa/
pills,/pɪlz/
salamandra,[sə.ləˈman.dɾə]
Berne,/bɛʁn/
Oslo,/ˈɒzləʊ/
eu,/eu/
kalve,/ˈkɑlʋeˣ/
Lietuva,/ˈliɛtuva/
dross,[dɾùoʃ]
rase,/ɹeɪz/
klaips,[klàjps]
mute,/mjuːt/
meija,[mēīja]
cipars,[tsipars]
buss,/bʌs/
taisns,[ˈtài̯snt͡s]
Temza,/téːmza/
simetrija,/sɪ.mɛtˈriː.ja/
tole,/tol/
sportisks,[spoɾtisks]
nespodrs,[nɛspuôdɾs]
anglisks,[āŋɡlisks]
fantastisks,[fantastisks]
abstrakts,[abstɾakts]
akustisks,[akustisks]
anatomisks,[anatōːmisks]
erotisks,[ɛɾɔːtisks]
mukls,[mukls]
staigns,[stàjɡns]
bikls,[bikls]
nepareizs,[paɾɛ̄īs]
tuvs,[tuws]
mundrs,[mūndɾs]
veikls,[vēīkls]
nasks,[nasks]
mitrs,[mitɾs]
mikls,[mikls]
kurls,[kûɾls]
slaiks,[slaîks]
dzestrs,[dzæstɾs]
spirgts,[spīɾkts]
vesels,[væsæls]
laipns,[lāīpns]
izcils,[istsils]
caurs,[tsāūɾs]
vingrs,[vīŋɡɾs]
zems,[zæms]
spalgs,[spâlks]
spulgs,[spûlks]
spilgts,[spīlkts]
skaidrs,[skāīdrs]
akls,[akls]
grezns,[ɡɾæzns]
jauks,[jâwks]
lokans,[lùokans]
jautrs,[jàwtɾs]
slaids,[slaîts]
rups,/rʏps/
silts,/sɪlts/
stiprs,[stipɾs]
kluss,[klus]
sekls,[sækls]
kreiss,[kɾèjs]
sirms,[sīɾms]
dregns,[drǣːɡns]
astronomisks,[astɾonoːmisks]
augsts,[aûksts]
pareizs,[paɾɛ̄īs]
stingrs,[stīŋɡɾs]
viegls,[vìɛɡls]
gatavs,[ɡataws]
modrs,[muôdɾs]
agrs,[aɡɾs]
smags,[smaks]
sauss,[ˈsàu̯ss]
salns,[sâlns]
valgs,[vālks]
lepns,[læpns]
stulbs,[stùlps]
biezs,[bìɛʃː]
vecs,[ˈvʲæt͡sʲsʲ]
resns,[ræsns]
tievs,[tiêws]
ilgs,[īɫks]
skaists,[skāīsts]
pilns,[pīlns]
dails,[dāīʎʃ]
gards,[ɡâɾts]
kails,[kaîls]
stings,[stīŋɡs]
smuks,[smuks]
dobs,[duôbs]
spodrs,[spuôdɾs]
debils,[debils]
slikts,[ˈsʲlʲikt͡s]
mobils,[mobils]
ciets,[tsiɛ̂ts]
sarkans,[sâɾkans]
jauns,[ˈjâu̯nt͡s]
auksts,[āūksts]
slinks,[slīnks]
rets,[ˈʁad̥s]
karsts,-ɑː(ɹ)sts
sveiks,[svɛ̀jks]
salds,[sâlts]
Smits,/smɪts/
berili,"[ʔɓɛ˧˧ ɹi˧˧ li˧˧]"
plats,[plats]
baigs,[baîɡs]
moderns,[modæɾns]
melns,[mǣlns]
Kalabrija,[kɐˈlɑːbʲrʲɪjɛ]
glezna,[ˈɡlezna]
kronis,[ˈkronɪs]
Kongo,[ˈkoŋɡo]
veste,/vɛst/
Ufa,"/ˈ(j)uːfə, ʊˈfɑː/"
Samara,/zaˈmaʁa/
smaragds,[smaɾːakts]
kauss,/ˈkɑu̯sː/
krauklis,/ˈkrauk.lis/
talka,/talka/
Dievs,[dìɛws]
doks,/dɔks/
danga,/dán.ɡáː/
gan,/ɡæn/
lakta,[ˈlɒktɒ]
dieveris,/dʲɪɛvʲɛˈrʲɪs/
monarhija,/monǎrxija/
tas,[taːz]
mes,[mɛ̄ːs]
tu,"/ˈtu/ [ˈtʊ]"
puika,[ˈpùi̯ka]
astats,[astats]
brilles,[bɾīllɛs]
mamma,/ˈmæmə/
villa,/ˈvɪlə/
utopija,/utǒpija/
anagramma,[ˈɒnɒɡrɒmːɒ]
tanks,/tænks/
jena,/ˈɟena/
bronza,/ˈbronzɑ/
funkcija,/fǔnkt͡sija/
ceremonija,/t͡seremǒnija/
citrons,[tsitɾoːns]
Aleksandrija,/aleksǎndrija/
Korsika,[ˈkorsɪka]
Barselona,/barselǒːna/
Ankara,/ˈæŋ.kə.ɹə/
Helsinki,/hɛlˈsɪŋ.ki/
Kristus,[ˈkrɪstus]
Otava,[ˈotava]
Kuba,/ˈky.ba/
monuments,/ˈmɑnjəmənts/
Miha,/mìːxa/
trompete,/tɾõˈpɛ.t͡ʃi/
arfa,[ˈɑrfɑ]
alga,/ˈæl.ɡə/
heraldika,[ˈɦɛraldɪka]
Jesaja,/jəˈzaː.jaː/
pali,[ˈpa.li]
melodija,/mɛ.lɔˈdiː.ja/
Ezra,/ˈɛzɹə/
kolonija,/kǒloːnija/
revolveris,[ɾævɔːlvæɾːis]
Habakuka,/ˌha.paˈku.ka/
Nahuma,/naˈhu.ma/
Psalmi,/ˈpsal.miː/
binoklis,[bìnoklis]
Jeremija,/jɛrɛmíːja/
partija,/pǎrtija/
vakars,[vakaɾs]
ziema,[zìɛma]
paprika,/pəˈpɹiːkə/
vai,/ˈʋɑi̯/
prom,/pɹɑm/
desmit,[ˈdʲɛsʲmʲit]
Nehemija,/nɛxɛmíːja/
Daugava,[dàwɡava]
panika,[ˈpanɪka]
himna,/ˈhɪmna/
pile,[pīːlɛ]
guza,/ˈɡu.za/
kapela,[ˈkapɛla]
korupcija,/korǔpt͡sija/
fantastika,[fantastika]
stara,/ˈstɑrɑ/
tabakmaks,[tabakmaks]
naudasmaks,[nâwdasmaks]
doma,[ˈdo.mə]
soda,/ˈsəʊdə/
koris,/ˈkoris/
kore,/ˈkɔəɹeɪ/
paka,/ˈpɑkɑ/
taka,/ˈtɑːkə/
jaka,/xaka/
maks,/ˈmɑks/
laka,/lá.káː/
pika,/ˈpiːkə/
cents,/sɛnts/
kaplis,[kaplis]
vau,[ˈbaw]
abstrakti,[absˈtrakti]
skumjums,[skùmjums]
skumjas,[skùmjas]
tapirs,[tapiɾs]
bail,/beɪ(ə)l/
bailes,[bâjlɛs]
moderni,/ˈmoderni/
drosme,[dɾùosme]
abstrakcija,[abstɾaktsijːa]
ideja,/iděːja/
abstraktums,[abstɾaktums]
purs,[ˈpurs]
sloka,[ˈsloka]
brasls,[bɾasls]
raksturs,[ɾakstuɾs]
manuskripts,[manuskɾipts]
pergaments,[pɛɾɡamɛnts]
nedele,/ˈɲɛɟɛʎɛ/
gadsimts,[ɡatsìmts]
aizspriedums,[àjspɾiɛ̂dums]
paradokss,[paɾadoks]
spriedums,[spɾiɛ̂dums]
erozija,[ɛɾoːzija]
-sne,/sne/
augsme,[âwksme]
brauciens,[bràwtsiɛns]
uzdevums,[uzdɛvums]
aborts,[abːoɾts]
naski,/nas̺ki/
aorta,/eɪˈɔːtə/
apspriede,[apspɾiɛ̂dɛ]
pasts,/pɑːsts/
pastmarka,[pastmaɾka]
aploksne,[aplùoksne]
smukums,[smukums]
modernums,[modæɾnums]
cepami,/t͡sɛˈpa.mi/
komats,[komats]
interpunkcija,[inteɾpunktsija]
siekalas,[sīɛ̄kalas]
uzsvars,[usvaɾs]
direktore,[diɾɛktoːɾɛ]
direktors,[ˈdʲiræktɔ̀rs]
administratore,[administratoːɾɛ]
priesteriene,[pɾīɛ̄stɛɾiɛnɛ]
priesteris,[pɾīɛ̄stɛɾis]
klosteris,[kluostɛɾis]
abatija,[abːatijːa]
abats,[əˈβats]
cepetis,[tsɛpɛtis]
cepiens,[tsɛpiens]
ceptuve,[tsæptuvɛ]
izkapts,[iskapts]
sirpis,[sìɾpis]
cepums,[t͡sæpːums]
profesore,[ˈprɔfʲɛsɔræ]
profesors,[ˈprɔfʲɛsɔ̀rs]
atbilde,[atbildɛ]
folklora,[folkloːɾa]
inspiratore,/in.spi.raˈto.re/
inspirators,[inspiɾatoːɾs]
iedvesma,[ìɛdvɛsma]
ragana,"/ɾaɡaʔˈnaʔ/ [ɾa.ɡaʔˈn̪aʔ]"
kandela,/kandela/
oms,/ˈʔoms/
vate,/vat/
handbols,[xandbɔls]
bots,-ɔts
elements,/ˈɛl.ɪ.mənts/
piala,[piˈa.la]
kapi,/ˈkɑpi/
kaps,[kaps]
augsne,[âwksnɛ]
adrese,[ˈadrɛsɛ]
psalms,/sɑːmz/
gids,/ɣɪts/
moments,/ˈmoʊmənts/
sols,[ˈsɔls]
kabata,"/kaˈbataʔ/ [kɐˈba.t̪ɐʔ]"
solo,/ˈsoʊ.loʊ/
store,/stoɹ/
niere,/njəˈrə/
luba,/ˈlubɑ/
lete,[ˈlɛtɛ]
valde,/ˈu̯al.deː/
temps,[ˈtems]
auka,/ˈøyːka/
musons,/my.zɔ̃/
Madagaskara,/ˈmɑdɑɡɑskɑrɑ/
futbols,[ˈfudbɔ̀ls]
teniss,[ˈtenːis]
hokejs,[ˈxɔkʲɛjs]
rodeo,/ˈɹəʊ.di.əʊ/
kross,/ˈkʰɹɔsː/
polo,/ˈpoʊloʊ/
abi,/abi/
kola,-əʊlə
ei,[ˈej]
ha,/ˈhaː/
rija,/ˈrixa/
astere,[astɛɾɛ]
kalla,/ˈkɑlːɑ/
palma,/ˈpalma/
osa,[ˈosa]
pups,/pʌps/
papaija,/ˈpɑpɑi̯jɑ/
avokado,[ˌavɔˈkadɔ]
ananass,[ananas]
melone,/meˈlo.ne/
hurma,/ˈhurmɑ/
kivi,[ˈkɪvɪ]
spora,/ˈsporɑ/
savanna,/səˈvænə/
taiga,/ˈtaɪɡə/
stepe,/ˈste.pe/
selva,/ˈsɛlvə/
purvs,[pùɾvs]
lanka,/ˈlɑŋkɑ/
nasta,/ˈnɑstɑ/
makaroni,/ˈmɑkɑro(ː)ni/
dialektika,[ˈdɪjalɛktɪka]
jura,[jūːɾa]
lini,[ˈlini]
klade,[ˈkladɛ]
gals,/ɡælz/
jahta,/jâxta/
sveiki,/sveiki/
salvete,/salˈu̯eː.te/
deserts,/dɪˈzɝts/
klau,/klaʊ/
nevis,[ˈne.βis]
strops,-ɒps
tapa,/ˈtɑːpə/
cits,[tsits]
hei,/ɦɛi̯/
pret,/prɛt/
kopa,[ˈkuō.paː]
vairs,/vɛʁ/
pat,/pæt/
cik,[ˈt͡ʃɪʔ]
jo,/d͡ʒoː/
tik,/tək/
kad,/kad/
Zvirbulis,[zvīɾbulis]
goba,/ɡɔ.ba/
Roze,/ʁoz/
pods,/pɒdz/
Liepa,[līɛ̄pa]
kungs,[ˈkunks]
egle,/ˈeɡle/
Briedis,[bɾiɛ̂dis]
barons,[bəˈɾons]
Barons,[bəˈɾons]
salmi,/ˈsɑlmi/
putra,[ˈputra]
administrators,[administɾatoɾs]
izoterma,/izoˈterma/
delta,/ˈdɛltə/
ego,/ˈiːɡəʊ/
instruments,/ˈɪnstɹəmənts/
abinieks,[abiniɛks]
ko,/ˈkəʊ/
pilots,/ˈpaɪləts/
armija,[aɾmija]
Olimpija,/olǐmpija/
Laosa,/ˈlao̯.ka/
Talsi,/ˈtɑlsi/
Ape,/ˈa.pe/
Seda,[sʲɛˈdɐ]
klase,[ˈklasɛ]
pase,/pas̺e/
hindi,[ˈin.di]
mono,/ˈmɒ.nəʊ/
vis,/vɪs/
-ma,[mɒ]
auto,/ˈɔː.təʊ/
pats,/pæts/
lins,[lins]
nags,-æɡz
esperanto,/espeˈɾanto/
Kolumbija,[kɔˈlʊmʲbʲɪjɛ]
guns,/ɡʌnz/
mango,/ˈmæŋɡəʊ/
algebra,/ˈæl.dʒɪ.bɹə/
nez,/ne/
opera,/ˈɒp.ə.ɹə/
kolonna,/ˈkolonːɑ/
vienpadsmit,[vi͡ɛnpatsmit]
mice,/maɪs/
diez,/ˈdjeθ/
raja,/ˈɹɑː.d͡ʒə/
slava,/ˈslɑːvə/
Bruno,/ˈbɹunoʊ/
birka,[ˈbirkɒ]
balle,/bal/
Austrija,[ˈɑˑʊsʲtʲrʲɪjɛ]
alus,/ˈɑlus/
Alma,/ˈɑl.maː/
hans,/hans/
Narva,[ˈnarva]
ports,/pɔɹts/
tests,/tɛsts/
Roma,[ˈro.mə]
bura,/burɑ/
Eritreja,/eritrěːja/
Nikaragva,[nʲɪkɐrɐˈɡʋɐ]
Gambija,/ɡǎmbija/
kaut,/kaut/
bez,/bɛz/
apostrofs,[apostɾoːfs]
fails,/feɪlz/
rosa,/ˈrosa/
si,/siː/
pagoda,/pəˈɡoʊ.də/
mesa,/ˈmeɪ.sə/
more,/mɔː/
akcents,[aktsɛnts]
sitami,/ɕiˈta.mi/
em,/ˈɛm/
klints,[klīnts]
vanna,/ˈʋɑnːɑ/
ziepes,[ziɛ̃pɛs]
progress,/ˈpɹəʊɡɹɛs/
mezgls,[mæzɡls]
ja,/tʃɑ³³/
sinagoga,/sinaˈɡoɡa/
sala,"/saˈlaʔ/ [saˈl̪aʔ]"
deja,/deʒa/
dancis,[dāntsis]
rodami,/ˈrɔdamʲi/
Ksenija,/kséːnija/
Klavdija,/klàːʋdija/
stulms,[stûlms]
Vilnis,[vîlnis]
valodze,[vāːluôdzɛ]
Raitis,/ˈrɑi̯tis/
simbols,[simbɔls]
daudzi,[dāūdzi]
brokastis,[bɾūōkastis]
pusdienas,[pusdìɛna]
autobuss,/ˈɑu̯toˌb̥usʲː/
smaids,[smāīts]
sedulka,[sædulka]
spuldze,[spûldzɛ]
vaisla,[vàjsla]
dusa,/dǔːʃa/
ronis,[ɾūōnis]
maurs,[māūrs]
svainis,[svâjnis]
zaglis,[zaɡlis]
klepus,[klæpus]
tuksnesis,[tuksnɛsis]
znots,[znuōts]
slepkava,[slæpkava]
-p,/-pi/
valis,[valis]
apavs,[apaws]
raize,[raîzɛ]
gaume,[ɡāūme]
dundurs,[dūnduɾs]
stieple,/ˈsti͜yːp.le/
raudas,/ˈraudas/
rauda,[ɾāūda]
-up,/ˈup/
dvielis,[dvīēɫis]
anatoms,[anatōːms]
-tne,[-tʲnʲæ]
prie-,[pʲrʲiə]
virs,[vìrs]
taurs,[tàurs]
ciems,[tsìems]
borijs,[bɔːrijs]
berklijs,[berklijs]
strauts,[strāūts]
spilve,[spìlve]
bismuts,[bismuts]
cerijs,[tsɛ̄ːɾijs]
karote,[karuôte]
hroms,[xrɔːms]
-onis,/ˈoː.nis/
menca,[mǣntsa]
berilijs,[berilijs]
runcis,[ɾūntsis]
uz-,/uz/
akvedukts,[akvɛdukts]
kartupelis,[kārtupelis]
ie-,/je/
augs,[âwks]
-isks,[isks]
dzelzs,[dzɛ̀ls]
raksts,[ɾaksts]
iela,[ìɛla]
cirslis,[tsìɾslis]
veikals,[vēīkals]
aprikoze,[apɾikoːzɛ]
sieva,[sīɛ̄va]
sekss,[sɛks]
maiss,[màjs]
jumts,[ˈjumt͡s]
aiz,[àjs]
melis,/ˈmeː.lis/
Agra,/ˈa.ɡra/
Brabante,/bɾaˈbante/
slota,[ˈslota]
adata,[ˈɒdɒtɒ]
cimds,[tsìmts]
selga,[sǣlɡa]
paija,/ˈpɑi̯jɑ/
Violeta,/vi.oˈle.tɐ/
Rota,/ˈɹəʊtə/
Raita,/ˈrɑi̯tɑ/
Olita,/ɔˈli.ta/
Mikus,/ˈmi.kus/
Rasa,/ˈrɑsɑ/
Ilva,/ˈil.u̯a/
antimons,[āntimōːns]
argons,[arɡɔːns]
-me,[mɛ]
Svetlana,/ˈsvɛtɫana/
Evita,/eˈbita/
insekts,[insɛkts]
Lidija,/lîːdija/
Liene,/ˈlinə/
miegs,[mìɛks]
metode,/metoːdə/
Jans,/ˈjɑns/
Gints,[ɟìnts]
Daniels,/ˈdænjəlz/
Daina,[ˈdaj.nə]
Ansis,/ˈan.sis/
Marks,[ˈmarks]
Gvido,/ˈɡʋido/
Andis,/ˈan.diːs/
Andris,[ˈɒndriʃ]
Edgars,/ˈɛt.ɡaːɐ̯s/
Alberts,/ˈɑl.bərts/
Juris,[ˈjuris]
klons,[klūōns]
Brigita,[ˈbrɪɡɪta]
antropologs,[āntɾopoloɡs]
Koreja,/korěːja/
bumbieris,[ˈbumbiɐ̯ris]
frekvence,[ˈfrɛkvɛnt͡sɛ]
solis,[ˈsɔ.lis]
alnis,[âlnis]
Simona,[ˈsɪmona]
Margita,/ˈmarɡita/
paldies,/pɑldies/
telts,[tēlts]
studija,/stûːdija/
lazda,[lɐzˈdɐ]
akts,[akts]
Juta,/ˈjuta/
Tekla,/ˈteklɑ/
sezona,/sezǒːna/
diskusija,/dǐskuːsija/
milzis,[mîlzis]
palodze,[palūōdzɛ]
mape,[mapɛ]
segli,-ɛklɪ
smiekls,[smiɛ̂kls]
kauns,[kàwns]
upuris,[upuɾis]
puisis,[pūīsis]
biedrs,[bìɛdrs]
aknas,[aknas]
starp,[staɾp]
tajs,/ˈtajs/
odze,[uôdzɛ]
pastala,[pastala]
sportiskums,[spoɾtiskums]
duraks,[ˈduraks]
laime,[lāīmɛ]
prieks,[pɾiɛ̂ks]
pulkstens,[pùlkstæns]
raups,-øyps
veids,[vɛ̄īts]
komandantstunda,[ˈkɔmandantstunda]
kareivis,[kaɾɛ̄īvis]
kustonis,[kustuônis]
vedekla,[vædækla]
piedurkne,[pìɛdūɾknɛ]
oficiante,/ofiˈt͡si̯ante/
dzestrums,[dzæstɾums]
pusnakts,[pusnakts]
diennakts,[dìɛnnakts]
aizvakardiena,[àjzvakaɾdìɛna]
vakardiena,[vakaɾdìɛna]
citronkoks,[tsitɾonkùoks]
atvasara,[atvasaɾa]
virsus,[vìrsus]
agrums,[aɡɾums]
pamats,[pamats]
grieznes,[ɡɾiɛ̂znɛs]
sirna,[ˈsɪr.na]
dziesma,[dziɛ̂sma]
aizdusa,[àjzdusa]
aklums,[aklums]
joks,[juōks]
valks,[vâlks]
neba,/neba/
josla,[juôsla]
jeb,/jɛp/
Zeme,[zɛmɛ]
trakums,[tɾakums]
zagle,[zaɡlɛ]
svaine,[svâjnɛ]
cilts,[tsîlts]
drakons,[dɾakoːns]
virsis,[vìrsis]
dieve,[dìɛvɛ]
biedre,[bìɛdɾɛ]
saite,/ˈsaj.t͡ʃi/
saiklis,[sājklis]
auglis,[âwɡlis]
miesa,[mìɛsa]
pekle,[ˈpɛklɛ]
pipars,[pipaɾs]
meita,[ˈmʲæ̂i̯ta]
eiro,[ɛìɾo]
apvidus,[apvidus]
dzimta,[dzìmta]
dzimtene,[dzîmtene]
kreilis,[kɾēīlis]
bumba,/ˈpʏmpa/
aizgalds,[àjzɡâlts]
andoriete,[andoɾiɛtɛ]
Bosnija,[ˈbɔsʲnʲɪjɛ]
ŗ,"[rɑː, ɑrrɑː]"
sermulis,[sæ̂ɾmulis]
liels,[līɛ̄ls]
cariste,/ka.ʁist/
dzimte,[dzìmtɛ]
apavniece,[apawnìɛtsɛ]
apavnieks,[apawnìɛks]
komika,[koˈmika]
pasaka,[ˈpaːsɐkɐ]
maksts,[maksts]
pilsonis,[pìlsuonis]
kreile,[kɾɛ̄īlɛ]
nams,[nàms]
anatome,[anatōːmɛ]
baltums,[bāltums]
spogulis,[spūōɡulis]
spilvens,[spìlvæns]
lapsa,[lapsa]
ierocis,[ìɛɾuôtsis]
gredzens,[ɡɾædzæns]
meitene,[mɛ̂jtɛnɛ]
daudzskaitlis,[daudzskaitlis]
vienskaitlis,[viɛnskaitlis]
maiznieks,[maizniɛks]
migla,/mʲɪɡˈɫa/
ozols,[uôzuols]
filozofe,/fi.lɔ.ˈzɔf/
kaija,/ˈkɑi̯jɑ/
sals,[sàːls]
jods,[joːts]
Doroteja,/dorotěːja/
cukurs,[tsukuɾs]
loks,[lùɔ̯ks]
logaritms,[loɡaɾitms]
vads,[vats]
daile,[dāīlɛ]
atvere,[atvɛɾɛ]
Ventspils,[væ̀ntspils]
rits,[ɾîːts]
Serbija,[ˈsʲɛrʲˑbʲɪjɛ]
blaka,-aːka
lapsene,[ɫɑpsɛnɛ]
brunets,[bɾunːæts]
bads,[bats]
telefonija,/telefǒnija/
mauka,/mau̯ka/
lauks,-øyks
broms,[brɔːms]
ap-,[ɐp]
pa-,/pa/
Donava,/dóːnaʋa/
asinis,[asinis]
uguns,[uɡuns]
-ule,"[ ulɛ]"
produkcija,/prodǔkt͡sija/
centriste,/sɑ̃.tʁist/
Dina,/ˈdiːnə/
varde,[vârde]
Paula,/ˈpɔːlə/
students,/ˈstudn̩ts/
Elvis,/ˈɛlvɪs/
austere,/ɒˈstɪə(ɹ)/
sirds,[ˈsʲîrt͡sʲ]
piere,[pìɛɾɛ]
desa,[ˈdɛ.zə]
Sofija,/sǒfija/
ledus,[lædus]
Ch,/se.aʃ/
milze,[mîlzɛ]
Una,-uːnə
Margarita,/maɾɡaˈɾita/
Anda,"/ˈʔanda/ [ˈʔan̪.d̪ɐ]"
Lolita,/ləʊlˈli.tə/
Alla,/ˈal.la/
variants,/ˈvɛɹi.ənts/
saule,/sɔːl/
Amanda,/əˈmændə/
cars,/ˈkɑɹz/
Francis,/ˈfɹænsɪs/
Mongolija,/mǒnɡoːlija/
studente,/stuˈdɛn.te/
celis,/ˈtselis/
lasis,[ˈlasis]
Samanta,/samant/
policija,/poːˈlʲɪt͡sʲɪjɐ/
Eva,-iːvə
maz,[ˈmas]
guba,"/ɡuˈbaʔ/ [ɡʊˈbaʔ]"
burts,[būrts]
upe,[ˈupʲæ]
rags,/ɹæɡz/
verbs,[vɛɾbs]
tips,/tɪps/
Larisa,/laːˈriː.sa/
maksa,/ˈmɑksɑ/
inde,/ˈi.ⁿdé/
Hercegovina,[ər.sə.ɣuˈβi.nə]
rats,/ɹæts/
elle,/ˈɛlːe/
darva,[ˈdɒrvɒ]
emocija,/emǒːt͡sija/
profesija,[proˈfʲɛsʲɪjɛ]
loma,/ˈlomɑ/
panna,[ˈpana]
kija,[kija]
nulle,/nyl/
zilonis,[ziluònis]
astronome,/as.tʁɔ.nɔm/
Marija,/maˈriː.ja/
Ramona,/ɹəˈmoʊnə/
dievs,[dìɛws]
auns,[àwns]
lauva,[lāwva]
Viktorija,/ʋǐktoːrija/
lustra,/ˈlus.tra/
vaine,-ɛn
zelts,[zæ̀lts]
zvirbulis,[zvīɾbulis]
puse,[ˈpusɛ]
viese,/ˈbjese/
pludmale,[pludmalɛ]
debess,[ˈdʲæbʲæss]
paduse,[padusɛ]
Raisa,/ˈrɑi̯sɑ/
spainis,[spāīnis]
zvaigzne,[zvàjɡznɛ]
ezis,[ɛzis]
nekad,/nêkad/
Tatjana,[tatˈjaːna]
darbs,[dârps]
Aija,/ˈɑi̯jɑ/
Darja,[ˈdarja]
Zoja,[ˈzoja]
miza,/mìːza/
galds,[ɡâlts]
uts,/uts/
pulkstenis,[pùlkstɛnis]
ezers,[æzæɾs]
kaza,/ˈkaza/
cauna,[tsaûna]
liepa,[līɛ̄pa]
firsts,/fɜːsts/
divi,/ˈdi.vi/
iz,/iz/
-ava,/ˈa.va/
-ums,[-ums]
josta,[juôsta]
ekonomija,/ɛ.kɔ.nɔˈmiː.ja/
Aleksis,/ˈɑleksis/
alata,/ˈalata/
mikro-,"[mɪkro ]"
ods,[uɔts]
stunda,/ˈstʏnta/
Marita,/ˈmɛaːɹɪta/
sods,[sùots]
zirgs,[zîɾks]
gulta,[ɡùlta]
kauls,[ˈkàu̯ls]
tabaka,[tabaka]
kaiva,/ˈkɑi̯vɑː/
tinte,/tɛ̃t/
-ija,/-ija/
Francija,/fràːnt͡sija/
Aira,/ˈɑi̯rɑ/
Vanda,[ˈvanda]
kukainis,[kukâjnis]
vien,/ˈvjɛn/
Auns,[àwns]
Lauva,[lāwva]
lieta,/ˈljɛ.ta/
traheja,/traxěːja/
idiote,/i.djɔt/
viela,[biˈɛlɐ]
acs,[ˈat͡sʲsʲ]
statistika,[ˈstatɪstɪka]
biete,/ˈbje.te/
Ina,/ˈi.naː/
Vidzeme,[ˈvid.zeme]
baltkrievs,[baltkɾìews]
igaunis,[iɡāwnis]
kurlums,[kûɾlums]
molekula,[ˈmolɛkula]
vilciens,[vìlciens]
balss,[bàls]
laiks,[ˈlài̯ks]
Valmiera,[vàlmīɛ̄ɾa]
-iste,/ist/
ekonomika,[ˈɛkonomɪka]
rudens,/ˈruː.dens/
decembris,/deˈkem.bris/
akustika,[ˈakustɪka]
Gvatemala,/ˈkvaːt(ʰ)ɛːˌmaːla/
motors,/ˈmoʊtɚz/
Maija,/ˈmɑi̯jɑ/
Inna,/ˈinːɑ/
valoda,[valuôda]
stops,/stɑps/
norma,/ˈnoɾma/
Vilma,[ˈvɪlma]
astrofizika,/astrofǐzika/
kapibara,/kapiˈbara/
Jolanta,/jɔˈlan.ta/
balti,/ˈbɔːl.ti/
tante,/ˈtɑn.tə/
metafizika,/mɛtafìːzika/
humoriste,/y.mɔ.ʁist/
Vera,/ˈvɪə.ɹə/
ogle,/ˈəʊɡl̩/
proto-,/ˈpɹəʊ.təʊ/
erotika,[ˈɛrotɪka]
apse,/æps/
tece,/ˈtɛ.t͡sɛ/
zobens,[zùobɛns]
auss,[àws]
kaste,[ˈkʰasd̥ə]
Krista,/ˈkristɑ/
Agnese,/aɲˈɲe.ze/
Monika,/ˈmɒ.nɪ.kə/
Indra,/in.dra/
Persefone,/ˈpersefone(ː)/
Signe,/ˈsiɡne/
kurpe,[kūɾpɛ]
elkonis,[æ̀lkùonis]
zupa,[zupa]
Zita,[ˈzɪta]
caur,[tsāūɾ]
Iveta,[ˈɪvɛta]
Oto,[ˈoto]
Gita,[ˈɡɪta]
miets,[mìɛts]
pavasaris,[pavasaɾis]
lietuvis,[lʲjɛˈtʊʋʲɪs]
Aina,[ˈaj.nə]
Eleonora,[ˈɛlɛonora]
-ne,/ni/
Aleksandra,/ɑlekˈsɑnd̥rɑ/
Veronika,[ˈvɛronɪka]
lingvistika,[ˈlɪŋɡvɪstɪka]
anatomija,[anatōːmija]
astronomija,/as.trɔ.nɔˈmiː.ja/
agresija,[aɡɾæsijːa]
Ilona,/ɪˈləʊnə/
lops,[lūōps]
brits,/bɹɪts/
Jana,[ˈjana]
Marika,[ˈmarɪka]
eja,[ˈɛd͡ʒa]
latvis,[latvis]
bulta,[būlta]
Ludmila,[ˈludmɪla]
spalva,[spālva]
no-,[ˌno]
Laila,/ˈlɑi̯lɑ/
tilts,[ˈtilt͡ʃ]
fizika,[fiˈzika]
Irma,[ˈɪrma]
Anita,/əˈniːtə/
smaka,/²smɑːkɑ/
banka,[ˈbaŋka]
lode,/ləʊd/
Ivo,/ˈaɪvəʊ/
siena,/ˈsie̯nɑ/
viens,/vjɛ̃/
Antarktika,[ˈɒntɒrktikɒ]
pantera,[pənˈte.ɾə]
ola,/ˈó.ɽa/
leija,/ˈlei̯jɑ/
sperma,[ˈspɛrma]
Olga,/ˈoʊlɡə/
diena,/dʲiəˈnɐ/
Inga,/ˈɪŋɡə/
Latvija,[latvija]
miers,[miɛ̂ɾs]
sega,[ˈse.ɣə]
tele,/ˈtɛli/
Emma,/ˈɛmə/
Marta,/ˈmɑː(ɹ)tə/
sports,/spɔːts/
pils,/pils/
Gruzija,[ˈɡrʊzʲɪjɛ]
Ukraina,/ukrai̯na/
balts,/bɑlts/
Daugavpils,[dàwɡàwpils]
Indija,/ǐndija/
Anna,/ˈænə/
Andra,/ˈɑndrə/
Marina,/məˈɹiːnə/
Linda,/ˈlɪndə/
Dita,[ˈɟɪta]
Kostarika,[ˈkostarɪka]
Katalonija,/katǎloːnija/
bits,/bɪts/
bors,/bɔ(ː)rs/
svastika,[ˈsvastɪka]
dome,/dəʊm/
imperatore,/im.pe.raˈto.re/
Dana,/ˈdɑːnə/
politika,"/poˈlitika/ [poˈl̪i.t̪ɪ.kɐ]"
humors,[ˈxumɔ̀rs]
vasara,/ˈʋɑsɑrɑ/
laiva,/ˈlɑi̯ʋɑ/
krona,/ˈkɹəʊnə/
stars,/stɑɹz/
bikses,[biksɛs]
kalps,[kālps]
vilnis,[vîlnis]
stirna,[stīɾna]
viesis,[vìesis]
bebrs,[bæbɾs]
krievs,[kɾìews]
karogs,[kaɾuōks]
tirgus,[tìɾɡus]
svece,[svɛtsɛ]
ubags,[ubaks]
valsts,[vàlsts]
tornis,[ˈtor.nis]
Milda,[ˈmɪlda]
vilna,[vīlna]
arka,/ˈɑrkɑ/
vabole,[vabùolɛ]
Rute,/ˈrutɪ/
uz,/us/
gaiss,[ɡàjʃ]
oma,/ˈoʊmə/
cena,[ˈsɛ.nə]
soma,/ˈsoʊmə/
idiots,/ˈɪd.iː.əts/
Sandra,/ˈsandɹə/
Alfons,[əlˈfons]
rudzi,/ˈru.d͡ʑi/
kalns,[kâlns]
anglis,[āŋɡlis]
kaka,/ˈkɑːkə/
pieci,[piɛ̯tsi]
at-,/at/
Toms,[ˈtoms]
soms,/sɔms/
vidus,[ˈbi.ðus]
airis,[āīɾis]
Anglija,[āŋɡlija]
Eda,/iː.də/
vasks,[vasks]
ministre,[miˈnis.tɾə]
draugs,[ˈdràu̯ks]
asara,/ʔà.sáː.ràː/
sviests,[sviɛ̂sts]
sniegs,[snìɛks]
vilks,[vìlks]
nakts,[ˈnakt͡s]
aste,/as̺te/
zirnis,[zīɾnis]
zivs,[ˈzʲiwsʲ]
gane,/ɡa.ne/
marts,/marts/
govs,[ɡùows]
labvakar,[labˈvakaɾ]
mele,[ˈmʲæ̀ːlʲæ]
briedis,[bɾiɛ̂dis]
virsa,[vìrsa]
ota,[ˈota]
zoss,[zùos]
Nora,/ˈnɔːɹə/
siens,/sjɛ̃/
logs,/lɒɡz/
prece,/ˈprɛ.t͡ʃe/
zem,[ˈzɛm]
alva,[ˈɒlvɒ]
aita,/ai̯ta/
ef,/ˈɛf/
ne-,"[nɛ ]"
suns,/sʌnz/
roka,[ˈroka]
osta,/ˈosta/
galva,[ɡɑ̂ɫva]
medus,[mædus]
zeme,[zɛmɛ]
ch,/se.aʃ/
tabula,/ta.by.la/
vista,/ˈvɪstə/
pele,[ˈpɛlɛ]
persona,/pɝˈsoʊnə/
Daniela,/dænˈjɛ.lə/
lats,/lɑːts/
ala,/ˈeɪ.lə/
skola,/ˈskoːla/
Santa,/ˈsæntə/
zobs,/zɔb/
ak,/ʔɑk/
kilo,/ˈkiːləʊ/
rasa,/ˈrɑsɑ/
koks,[ˈkoks]
piens,[pīɛ̄ns]
siers,[sīɛ̄ɾs]
zarna,[zâɾna]
peri,/ˈpɪə.ɹi/
kosa,[ˈkosa]
mans,/mænz/
es,"[iː e̞sɨ]"
sevi,/ˈsɛ.vi/
tavs,/tavˀs/
milti,/ˈmɪl̥tɪ/
runa,"/ɾuˈnaʔ/ [ɾuˈn̪aʔ]"
lai,/laɪ/
par,/ˈpaːɾ/
banknote,/ˈbæŋknəʊt/
sen,/sɛn/
serbiski,[ˈsɛrbʲiskʲi]
sils,[sils]
teika,[tēīka]
turami,[ˈturamʲi]
kurami,/ˈkuramʲi/
daudz,[ˈdàut͡s]
aizvakar,[àjzvakar]
zemiski,/ˈzɛmʲiskʲi/
arvien,[aɾˈvîɛn]
gudri,"/ˈɡudri/ [ˈɡʊdɾɪ]"
Dominika,[ˈdomɪnɪka]
lokani,/ˈlokɑni/
slaveni,[ˈslavɛɲɪ]
slaidi,/ˈslɑi̯di/
Jamaika,/ˈjɑmɑi̯kɑ/
sekli,[ˈsɛklɪ]
vara,[ˈba.ɾə]
lipni,/ˈlip.ɲi/
mitri,"/ˈmitri/ [ˈmɪtɾɪ]"
zemi,[ˈzɛmɪ]
gardi,[ˈɡardi]
visai,[viˈsaj]
mobili,/ˈmɔ.bi.li/
slepen,/ˈsleː.pə(n)/
agri,/ˈa.ɡri/
rupi,/ˈrupi/
tagad,"/taˈɡad/ [t̪ɐˈɡad̪]"
kur,/kur/
labi,/ˈla.bi/
dobi,/dɔˈbi/
zili,/zili/
nost,/nóst/
ciet,[tsiɛ̂t]
akli,[ɐkˈlʲɪ]
karsti,/ˈkɑrsti/
gari,"/ɡaˈri/ [ɡʌˈɾɪ]"
saldi,/ˈsal.di/
kreisi,/ˈkrei̯si/
amorfi,/aˈmɔr.fi/
stingi,[stind͡ʒʲ]
reti,[ˈrɛ.ti]
salti,[ˈsalti]
cauri,[ˈkaw.ɾi]
jau,-aw
vakar,[ˈvɒkɒr]
loki,/ˈloki/
roze,/ʁoz/
Andora,[andoːɾa]
skate,/skeɪt/
Monako,/monako/
aka,/ˈɛaːʰka/
Amerika,/əˈmɛ.ɹɪ.kə/
ka,/ˈkaː/
pa,/pɑː/
kamera,/ˈka.mə.ra/
